2026-01-18 23:32:58,550 [INFO] [MainThread] [root/log.py:69]: YASB v1.8.6
2026-01-18 23:32:58,551 [INFO] [Thread-1 (_run_server)] [cli_server/cli_server.py:212]: CLI server started v1.1.4
2026-01-18 23:32:58,551 [INFO] [MainThread] [cli_server/cli_server.py:104]: Log pipe server started
2026-01-18 23:32:58,585 [INFO] [MainThread] [root/config.py:64]: Created default config file at C:\Users\pspra\.config\yasb\config.yaml
2026-01-18 23:32:58,610 [INFO] [MainThread] [root/config.py:78]: Created default stylesheet at C:\Users\pspra\.config\yasb\styles.css
2026-01-18 23:32:59,540 [ERROR] [MainThread] [root/weather.py:60]: API key or location is missing. Please provide a valid API key and location.
2026-01-18 23:32:59,559 [INFO] [MainThread] [root/service.py:39]: AudioInputService starting...
2026-01-18 23:32:59,597 [INFO] [MainThread] [root/service.py:48]: AudioOutputService starting...
2026-01-18 23:33:01,235 [ERROR] [MainThread] [root/weather.py:60]: API key or location is missing. Please provide a valid API key and location.
2026-01-18 23:33:01,350 [INFO] [MainThread] [root/bar_manager.py:85]: Starting KomorebiEventListener...
2026-01-18 23:33:01,350 [INFO] [MainThread] [root/bar_manager.py:85]: Starting SystemEventListener...
2026-01-18 23:33:01,351 [INFO] [MainThread] [root/bar_manager.py:85]: Starting WindowsNotificationEventListener...
2026-01-18 23:33:01,351 [INFO] [MainThread] [root/watcher.py:54]: Created file watcher for path C:\Users\pspra\.config\yasb
2026-01-18 23:33:01,507 [INFO] [Dummy-5] [root/event_listener.py:51]: Created named pipe yasb-edb0c2fb-f497-11f0-a2d2-c035320973e6
2026-01-18 23:33:01,547 [INFO] [MainThread] [root/update_service.py:409]: Background update checker started
2026-01-18 23:33:01,547 [DEBUG] [MainThread] [qasync._windows._EventPoller/_windows.py:215]: Starting (proactor: <_IocpProactor overlapped#=0 result#=0>)...
2026-01-18 23:33:01,558 [DEBUG] [Dummy-8] [qasync._windows._EventWorker/_windows.py:195]: Thread started
2026-01-18 23:40:22,060 [INFO] [MainThread] [root/controller.py:15]: Reloading Bar from context menu...
2026-01-18 23:40:22,170 [INFO] [MainThread] [cli_server/cli_server.py:112]: Log pipe server stopped
2026-01-18 23:40:22,170 [DEBUG] [MainThread] [cli_server/cli_server.py:206]: CLI server stopped
2026-01-18 23:40:22,385 [INFO] [MainThread] [root/bar_manager.py:92]: Stopping KomorebiEventListener...
2026-01-18 23:40:22,385 [INFO] [MainThread] [root/bar_manager.py:92]: Stopping SystemEventListener...
2026-01-18 23:40:22,385 [INFO] [MainThread] [root/bar_manager.py:92]: Stopping WindowsNotificationEventListener...
2026-01-18 23:40:22,407 [DEBUG] [MainThread] [qasync._windows._EventPoller/_windows.py:220]: Stopping worker thread...
2026-01-18 23:40:22,408 [DEBUG] [Dummy-8] [qasync._windows._EventWorker/_windows.py:204]: Exiting thread
2026-01-18 23:40:22,414 [DEBUG] [MainThread] [qasync._windows._IocpProactor/_windows.py:78]: Closing
2026-01-18 23:40:22,953 [INFO] [MainThread] [root/log.py:69]: YASB v1.8.6
2026-01-18 23:40:22,954 [INFO] [Thread-1 (_run_server)] [cli_server/cli_server.py:212]: CLI server started v1.1.4
2026-01-18 23:40:22,956 [INFO] [MainThread] [cli_server/cli_server.py:104]: Log pipe server started
2026-01-18 23:40:25,045 [ERROR] [MainThread] [root/weather.py:60]: API key or location is missing. Please provide a valid API key and location.
2026-01-18 23:40:25,134 [INFO] [MainThread] [root/service.py:39]: AudioInputService starting...
2026-01-18 23:40:25,362 [INFO] [MainThread] [root/service.py:48]: AudioOutputService starting...
2026-01-18 23:40:26,564 [ERROR] [MainThread] [root/weather.py:60]: API key or location is missing. Please provide a valid API key and location.
2026-01-18 23:40:26,646 [INFO] [MainThread] [root/bar_manager.py:85]: Starting KomorebiEventListener...
2026-01-18 23:40:26,647 [INFO] [MainThread] [root/bar_manager.py:85]: Starting SystemEventListener...
2026-01-18 23:40:26,647 [INFO] [MainThread] [root/bar_manager.py:85]: Starting WindowsNotificationEventListener...
2026-01-18 23:40:26,648 [INFO] [MainThread] [root/watcher.py:54]: Created file watcher for path C:\Users\pspra\.config\yasb
2026-01-18 23:40:26,730 [INFO] [Dummy-5] [root/event_listener.py:51]: Created named pipe yasb-f71b9289-f498-11f0-a7f6-c035320973e6
2026-01-18 23:40:27,025 [INFO] [MainThread] [root/update_service.py:409]: Background update checker started
2026-01-18 23:40:27,025 [DEBUG] [MainThread] [qasync._windows._EventPoller/_windows.py:215]: Starting (proactor: <_IocpProactor overlapped#=0 result#=0>)...
2026-01-18 23:40:27,031 [DEBUG] [Dummy-8] [qasync._windows._EventWorker/_windows.py:195]: Thread started
2026-01-19 00:24:24,692 [INFO] [MainThread] [root/controller.py:35]: Exiting Application...
2026-01-19 00:24:24,809 [INFO] [MainThread] [cli_server/cli_server.py:112]: Log pipe server stopped
2026-01-19 00:24:24,809 [DEBUG] [MainThread] [cli_server/cli_server.py:206]: CLI server stopped
2026-01-19 00:24:25,042 [INFO] [MainThread] [root/bar_manager.py:92]: Stopping KomorebiEventListener...
2026-01-19 00:24:25,042 [INFO] [MainThread] [root/bar_manager.py:92]: Stopping SystemEventListener...
2026-01-19 00:24:25,043 [INFO] [MainThread] [root/bar_manager.py:92]: Stopping WindowsNotificationEventListener...
2026-01-19 00:24:25,110 [DEBUG] [MainThread] [qasync._windows._EventPoller/_windows.py:220]: Stopping worker thread...
2026-01-19 00:24:25,113 [DEBUG] [Dummy-8] [qasync._windows._EventWorker/_windows.py:204]: Exiting thread
2026-01-19 00:24:25,120 [DEBUG] [MainThread] [qasync._windows._IocpProactor/_windows.py:78]: Closing
2026-01-19 07:37:06,467 [INFO] [MainThread] [root/log.py:69]: YASB v1.8.6
2026-01-19 07:37:06,469 [INFO] [Thread-1 (_run_server)] [cli_server/cli_server.py:212]: CLI server started v1.1.4
2026-01-19 07:37:06,470 [INFO] [MainThread] [cli_server/cli_server.py:104]: Log pipe server started
2026-01-19 07:37:10,635 [ERROR] [MainThread] [root/weather.py:60]: API key or location is missing. Please provide a valid API key and location.
2026-01-19 07:37:10,749 [INFO] [MainThread] [root/service.py:39]: AudioInputService starting...
2026-01-19 07:37:10,963 [INFO] [MainThread] [root/service.py:48]: AudioOutputService starting...
2026-01-19 07:37:13,900 [ERROR] [MainThread] [root/weather.py:60]: API key or location is missing. Please provide a valid API key and location.
2026-01-19 07:37:13,956 [INFO] [MainThread] [root/bar_manager.py:85]: Starting WindowsNotificationEventListener...
2026-01-19 07:37:13,957 [INFO] [MainThread] [root/bar_manager.py:85]: Starting SystemEventListener...
2026-01-19 07:37:13,957 [INFO] [MainThread] [root/bar_manager.py:85]: Starting KomorebiEventListener...
2026-01-19 07:37:13,958 [INFO] [MainThread] [root/watcher.py:54]: Created file watcher for path C:\Users\pspra\.config\yasb
2026-01-19 07:37:14,005 [INFO] [Dummy-5] [root/event_listener.py:51]: Created named pipe yasb-9264c8f8-f4db-11f0-baf1-c235320973e5
2026-01-19 07:37:14,024 [INFO] [MainThread] [root/update_service.py:409]: Background update checker started
2026-01-19 07:37:14,024 [DEBUG] [MainThread] [qasync._windows._EventPoller/_windows.py:215]: Starting (proactor: <_IocpProactor overlapped#=0 result#=0>)...
2026-01-19 07:37:14,025 [DEBUG] [Dummy-6] [qasync._windows._EventWorker/_windows.py:195]: Thread started
2026-01-19 07:37:45,293 [INFO] [MainThread] [root/controller.py:15]: Reloading Application because of config change.
2026-01-19 07:37:45,399 [INFO] [MainThread] [cli_server/cli_server.py:112]: Log pipe server stopped
2026-01-19 07:37:45,399 [DEBUG] [MainThread] [cli_server/cli_server.py:206]: CLI server stopped
2026-01-19 07:37:45,406 [INFO] [MainThread] [root/bar_manager.py:76]: Successfully loaded updated config and re-initialised all bars.
2026-01-19 07:37:45,602 [INFO] [MainThread] [root/bar_manager.py:92]: Stopping WindowsNotificationEventListener...
2026-01-19 07:37:45,603 [INFO] [MainThread] [root/bar_manager.py:92]: Stopping SystemEventListener...
2026-01-19 07:37:45,603 [INFO] [MainThread] [root/bar_manager.py:92]: Stopping KomorebiEventListener...
2026-01-19 07:37:45,612 [DEBUG] [MainThread] [qasync._windows._EventPoller/_windows.py:220]: Stopping worker thread...
2026-01-19 07:37:45,622 [DEBUG] [Dummy-6] [qasync._windows._EventWorker/_windows.py:204]: Exiting thread
2026-01-19 07:37:45,627 [DEBUG] [MainThread] [qasync._windows._IocpProactor/_windows.py:78]: Closing
2026-01-19 07:37:46,225 [INFO] [MainThread] [root/log.py:69]: YASB v1.8.6
2026-01-19 07:37:46,227 [INFO] [Thread-1 (_run_server)] [cli_server/cli_server.py:212]: CLI server started v1.1.4
2026-01-19 07:37:46,228 [INFO] [MainThread] [cli_server/cli_server.py:104]: Log pipe server started
2026-01-19 07:37:48,138 [INFO] [MainThread] [root/service.py:48]: AudioOutputService starting...
2026-01-19 07:37:49,373 [INFO] [MainThread] [root/bar_manager.py:85]: Starting KomorebiEventListener...
2026-01-19 07:37:49,373 [INFO] [MainThread] [root/bar_manager.py:85]: Starting SystemEventListener...
2026-01-19 07:37:49,374 [INFO] [MainThread] [root/watcher.py:54]: Created file watcher for path C:\Users\pspra\.config\yasb
2026-01-19 07:37:49,445 [INFO] [Dummy-5] [root/event_listener.py:51]: Created named pipe yasb-a780d1ce-f4db-11f0-aef8-c235320973e5
2026-01-19 07:37:49,484 [INFO] [MainThread] [root/update_service.py:409]: Background update checker started
2026-01-19 07:37:49,484 [DEBUG] [MainThread] [qasync._windows._EventPoller/_windows.py:215]: Starting (proactor: <_IocpProactor overlapped#=0 result#=0>)...
2026-01-19 07:37:49,487 [DEBUG] [Dummy-8] [qasync._windows._EventWorker/_windows.py:195]: Thread started
2026-01-19 07:37:49,966 [INFO] [MainThread] [root/api.py:69]: Fetching new weather data at 2026-01-19 07:37:49.966357
2026-01-19 07:47:17,414 [INFO] [Dummy-5] [root/event_listener.py:125]: Komorebi connected to named pipe: yasb-a780d1ce-f4db-11f0-aef8-c235320973e5
2026-01-19 07:47:48,460 [INFO] [MainThread] [root/api.py:69]: Fetching new weather data at 2026-01-19 07:47:48.460590
2026-01-19 07:57:39,631 [WARNING] [Dummy-5] [root/event_listener.py:82]: Pipe has been ended: (109, 'PeekNamedPipe', 'The pipe has been ended.')
2026-01-19 07:57:39,631 [INFO] [Dummy-5] [root/event_listener.py:92]: Attempting to reconnect to Komorebi...
2026-01-19 07:57:42,632 [INFO] [Dummy-5] [root/event_listener.py:51]: Created named pipe yasb-a780d1ce-f4db-11f0-aef8-c235320973e5
2026-01-19 07:57:48,445 [INFO] [MainThread] [root/api.py:69]: Fetching new weather data at 2026-01-19 07:57:48.445464
2026-01-19 07:57:52,810 [INFO] [Dummy-5] [root/event_listener.py:125]: Komorebi connected to named pipe: yasb-a780d1ce-f4db-11f0-aef8-c235320973e5
2026-01-19 08:02:57,353 [WARNING] [Dummy-5] [root/event_listener.py:82]: Pipe has been ended: (109, 'PeekNamedPipe', 'The pipe has been ended.')
2026-01-19 08:02:57,353 [INFO] [Dummy-5] [root/event_listener.py:92]: Attempting to reconnect to Komorebi...
2026-01-19 08:03:00,354 [INFO] [Dummy-5] [root/event_listener.py:51]: Created named pipe yasb-a780d1ce-f4db-11f0-aef8-c235320973e5
2026-01-19 08:03:15,578 [INFO] [Dummy-5] [root/event_listener.py:125]: Komorebi connected to named pipe: yasb-a780d1ce-f4db-11f0-aef8-c235320973e5
2026-01-19 08:03:47,057 [WARNING] [Dummy-5] [root/event_listener.py:82]: Pipe has been ended: (109, 'PeekNamedPipe', 'The pipe has been ended.')
2026-01-19 08:03:47,058 [INFO] [Dummy-5] [root/event_listener.py:92]: Attempting to reconnect to Komorebi...
2026-01-19 08:03:50,059 [INFO] [Dummy-5] [root/event_listener.py:51]: Created named pipe yasb-a780d1ce-f4db-11f0-aef8-c235320973e5
2026-01-19 08:03:55,177 [INFO] [Dummy-5] [root/event_listener.py:125]: Komorebi connected to named pipe: yasb-a780d1ce-f4db-11f0-aef8-c235320973e5
2026-01-19 08:07:48,462 [INFO] [MainThread] [root/api.py:69]: Fetching new weather data at 2026-01-19 08:07:48.462007
2026-01-19 08:10:55,012 [INFO] [MainThread] [root/log.py:69]: YASB v1.8.6
2026-01-19 08:10:55,012 [INFO] [Thread-1 (_run_server)] [cli_server/cli_server.py:212]: CLI server started v1.1.4
2026-01-19 08:10:55,012 [INFO] [MainThread] [cli_server/cli_server.py:104]: Log pipe server started
2026-01-19 08:10:55,013 [ERROR] [MainThread] [root/main.py:74]: Another instance of the YASB is already running.
2026-01-19 08:17:48,574 [INFO] [MainThread] [root/api.py:69]: Fetching new weather data at 2026-01-19 08:17:48.574747
2026-01-19 08:17:51,744 [WARNING] [Dummy-5] [root/event_listener.py:82]: Pipe has been ended: (109, 'PeekNamedPipe', 'The pipe has been ended.')
2026-01-19 08:17:51,744 [INFO] [Dummy-5] [root/event_listener.py:92]: Attempting to reconnect to Komorebi...
2026-01-19 08:17:54,745 [INFO] [Dummy-5] [root/event_listener.py:51]: Created named pipe yasb-a780d1ce-f4db-11f0-aef8-c235320973e5
2026-01-19 08:17:59,873 [INFO] [Dummy-5] [root/event_listener.py:125]: Komorebi connected to named pipe: yasb-a780d1ce-f4db-11f0-aef8-c235320973e5
2026-01-19 08:18:07,368 [INFO] [MainThread] [root/log.py:69]: YASB v1.8.6
2026-01-19 08:18:07,369 [INFO] [Thread-1 (_run_server)] [cli_server/cli_server.py:212]: CLI server started v1.1.4
2026-01-19 08:18:07,369 [INFO] [MainThread] [cli_server/cli_server.py:104]: Log pipe server started
2026-01-19 08:18:07,369 [ERROR] [MainThread] [root/main.py:74]: Another instance of the YASB is already running.
2026-01-19 08:19:29,554 [INFO] [MainThread] [root/log.py:69]: YASB v1.8.6
2026-01-19 08:19:29,554 [INFO] [Thread-1 (_run_server)] [cli_server/cli_server.py:212]: CLI server started v1.1.4
2026-01-19 08:19:29,555 [INFO] [MainThread] [cli_server/cli_server.py:104]: Log pipe server started
2026-01-19 08:19:30,651 [INFO] [MainThread] [root/service.py:48]: AudioOutputService starting...
2026-01-19 08:19:31,083 [INFO] [MainThread] [root/bar_manager.py:85]: Starting SystemEventListener...
2026-01-19 08:19:31,083 [INFO] [MainThread] [root/bar_manager.py:85]: Starting KomorebiEventListener...
2026-01-19 08:19:31,084 [INFO] [MainThread] [root/watcher.py:54]: Created file watcher for path C:\Users\pspra\.config\yasb
2026-01-19 08:19:31,255 [INFO] [Dummy-5] [root/event_listener.py:51]: Created named pipe yasb-7aa37e78-f4e1-11f0-8c4b-c235320973e5
2026-01-19 08:19:31,324 [INFO] [MainThread] [root/update_service.py:409]: Background update checker started
2026-01-19 08:19:31,324 [DEBUG] [MainThread] [qasync._windows._EventPoller/_windows.py:215]: Starting (proactor: <_IocpProactor overlapped#=0 result#=0>)...
2026-01-19 08:19:31,330 [DEBUG] [Dummy-8] [qasync._windows._EventWorker/_windows.py:195]: Thread started
2026-01-19 08:19:31,440 [INFO] [Dummy-5] [root/event_listener.py:125]: Komorebi connected to named pipe: yasb-7aa37e78-f4e1-11f0-8c4b-c235320973e5
2026-01-19 08:19:31,790 [INFO] [MainThread] [root/api.py:69]: Fetching new weather data at 2026-01-19 08:19:31.790956
2026-01-19 08:22:48,000 [ERROR] [MainThread] [root/config.py:115]: The config file 'C:\Users\pspra\.config\yasb\config.yaml' contains validation errors. Please fix:
widgets:
- enable:
  - must be of ['string', 'dict'] type
  network:
  - null value not allowed

2026-01-19 08:22:59,425 [INFO] [MainThread] [root/controller.py:15]: Reloading Bar from context menu...
2026-01-19 08:22:59,531 [INFO] [MainThread] [cli_server/cli_server.py:112]: Log pipe server stopped
2026-01-19 08:22:59,531 [DEBUG] [MainThread] [cli_server/cli_server.py:206]: CLI server stopped
2026-01-19 08:22:59,831 [INFO] [MainThread] [root/bar_manager.py:92]: Stopping SystemEventListener...
2026-01-19 08:22:59,831 [INFO] [MainThread] [root/bar_manager.py:92]: Stopping KomorebiEventListener...
2026-01-19 08:22:59,836 [INFO] [Dummy-5] [root/event_listener.py:92]: Attempting to reconnect to Komorebi...
2026-01-19 08:22:59,842 [DEBUG] [MainThread] [qasync._windows._EventPoller/_windows.py:220]: Stopping worker thread...
2026-01-19 08:22:59,844 [DEBUG] [Dummy-8] [qasync._windows._EventWorker/_windows.py:204]: Exiting thread
2026-01-19 08:22:59,847 [DEBUG] [MainThread] [qasync._windows._IocpProactor/_windows.py:78]: Closing
2026-01-19 08:23:00,243 [INFO] [MainThread] [root/log.py:69]: YASB v1.8.6
2026-01-19 08:23:00,244 [INFO] [Thread-1 (_run_server)] [cli_server/cli_server.py:212]: CLI server started v1.1.4
2026-01-19 08:23:00,245 [INFO] [MainThread] [cli_server/cli_server.py:104]: Log pipe server started
2026-01-19 08:23:00,408 [ERROR] [MainThread] [root/config.py:115]: The config file 'C:\Users\pspra\.config\yasb\config.yaml' contains validation errors. Please fix:
widgets:
- enable:
  - must be of ['string', 'dict'] type
  network:
  - null value not allowed

2026-01-19 08:23:00,412 [ERROR] [MainThread] [root/config.py:168]: User config file could not be loaded. Exiting Application.
2026-01-19 08:23:13,118 [INFO] [MainThread] [root/log.py:69]: YASB v1.8.6
2026-01-19 08:23:13,118 [INFO] [Thread-1 (_run_server)] [cli_server/cli_server.py:212]: CLI server started v1.1.4
2026-01-19 08:23:13,119 [INFO] [MainThread] [cli_server/cli_server.py:104]: Log pipe server started
2026-01-19 08:23:13,663 [INFO] [MainThread] [root/service.py:48]: AudioOutputService starting...
2026-01-19 08:23:13,971 [INFO] [MainThread] [root/bar_manager.py:85]: Starting KomorebiEventListener...
2026-01-19 08:23:13,972 [INFO] [MainThread] [root/bar_manager.py:85]: Starting SystemEventListener...
2026-01-19 08:23:13,972 [INFO] [MainThread] [root/watcher.py:54]: Created file watcher for path C:\Users\pspra\.config\yasb
2026-01-19 08:23:14,057 [INFO] [Dummy-5] [root/event_listener.py:51]: Created named pipe yasb-ff7d7c3c-f4e1-11f0-ad9f-c235320973e5
2026-01-19 08:23:14,127 [INFO] [MainThread] [root/update_service.py:409]: Background update checker started
2026-01-19 08:23:14,127 [DEBUG] [MainThread] [qasync._windows._EventPoller/_windows.py:215]: Starting (proactor: <_IocpProactor overlapped#=0 result#=0>)...
2026-01-19 08:23:14,129 [DEBUG] [Dummy-8] [qasync._windows._EventWorker/_windows.py:195]: Thread started
2026-01-19 08:23:14,181 [INFO] [Dummy-5] [root/event_listener.py:125]: Komorebi connected to named pipe: yasb-ff7d7c3c-f4e1-11f0-ad9f-c235320973e5
2026-01-19 08:23:14,707 [INFO] [MainThread] [root/api.py:69]: Fetching new weather data at 2026-01-19 08:23:14.707397
2026-01-19 08:23:37,334 [INFO] [MainThread] [root/controller.py:15]: Reloading Application because of config change.
2026-01-19 08:23:37,441 [INFO] [MainThread] [cli_server/cli_server.py:112]: Log pipe server stopped
2026-01-19 08:23:37,441 [DEBUG] [MainThread] [cli_server/cli_server.py:206]: CLI server stopped
2026-01-19 08:23:37,446 [INFO] [MainThread] [root/bar_manager.py:76]: Successfully loaded updated config and re-initialised all bars.
2026-01-19 08:23:37,698 [INFO] [MainThread] [root/bar_manager.py:92]: Stopping KomorebiEventListener...
2026-01-19 08:23:37,698 [INFO] [MainThread] [root/bar_manager.py:92]: Stopping SystemEventListener...
2026-01-19 08:23:37,738 [INFO] [Dummy-5] [root/event_listener.py:92]: Attempting to reconnect to Komorebi...
2026-01-19 08:23:37,740 [DEBUG] [MainThread] [qasync._windows._EventPoller/_windows.py:220]: Stopping worker thread...
2026-01-19 08:23:37,743 [DEBUG] [Dummy-8] [qasync._windows._EventWorker/_windows.py:204]: Exiting thread
2026-01-19 08:23:37,746 [DEBUG] [MainThread] [qasync._windows._IocpProactor/_windows.py:78]: Closing
2026-01-19 08:23:38,122 [INFO] [MainThread] [root/log.py:69]: YASB v1.8.6
2026-01-19 08:23:38,124 [INFO] [Thread-1 (_run_server)] [cli_server/cli_server.py:212]: CLI server started v1.1.4
2026-01-19 08:23:38,125 [INFO] [MainThread] [cli_server/cli_server.py:104]: Log pipe server started
2026-01-19 08:23:40,416 [INFO] [MainThread] [root/service.py:48]: AudioOutputService starting...
2026-01-19 08:23:40,904 [INFO] [MainThread] [root/bar_manager.py:85]: Starting SystemEventListener...
2026-01-19 08:23:40,905 [INFO] [MainThread] [root/bar_manager.py:85]: Starting KomorebiEventListener...
2026-01-19 08:23:40,905 [INFO] [MainThread] [root/watcher.py:54]: Created file watcher for path C:\Users\pspra\.config\yasb
2026-01-19 08:23:40,979 [INFO] [Dummy-5] [root/event_listener.py:51]: Created named pipe yasb-0f8b399d-f4e2-11f0-a45a-c235320973e5
2026-01-19 08:23:41,070 [INFO] [MainThread] [root/update_service.py:409]: Background update checker started
2026-01-19 08:23:41,070 [DEBUG] [MainThread] [qasync._windows._EventPoller/_windows.py:215]: Starting (proactor: <_IocpProactor overlapped#=0 result#=0>)...
2026-01-19 08:23:41,076 [DEBUG] [Dummy-8] [qasync._windows._EventWorker/_windows.py:195]: Thread started
2026-01-19 08:23:41,134 [INFO] [Dummy-5] [root/event_listener.py:125]: Komorebi connected to named pipe: yasb-0f8b399d-f4e2-11f0-a45a-c235320973e5
2026-01-19 08:23:41,452 [INFO] [MainThread] [root/api.py:69]: Fetching new weather data at 2026-01-19 08:23:41.452144
2026-01-19 08:23:59,881 [INFO] [MainThread] [root/controller.py:15]: Reloading Application because of config change.
2026-01-19 08:23:59,993 [INFO] [MainThread] [cli_server/cli_server.py:112]: Log pipe server stopped
2026-01-19 08:23:59,994 [DEBUG] [MainThread] [cli_server/cli_server.py:206]: CLI server stopped
2026-01-19 08:24:00,004 [INFO] [MainThread] [root/bar_manager.py:76]: Successfully loaded updated config and re-initialised all bars.
2026-01-19 08:24:00,223 [INFO] [MainThread] [root/bar_manager.py:92]: Stopping SystemEventListener...
2026-01-19 08:24:00,223 [INFO] [MainThread] [root/bar_manager.py:92]: Stopping KomorebiEventListener...
2026-01-19 08:24:00,235 [INFO] [Dummy-5] [root/event_listener.py:92]: Attempting to reconnect to Komorebi...
2026-01-19 08:24:00,268 [DEBUG] [MainThread] [qasync._windows._EventPoller/_windows.py:220]: Stopping worker thread...
2026-01-19 08:24:00,278 [DEBUG] [Dummy-8] [qasync._windows._EventWorker/_windows.py:204]: Exiting thread
2026-01-19 08:24:00,283 [DEBUG] [MainThread] [qasync._windows._IocpProactor/_windows.py:78]: Closing
2026-01-19 08:24:00,937 [INFO] [MainThread] [root/log.py:69]: YASB v1.8.6
2026-01-19 08:24:00,939 [INFO] [Thread-1 (_run_server)] [cli_server/cli_server.py:212]: CLI server started v1.1.4
2026-01-19 08:24:00,941 [INFO] [MainThread] [cli_server/cli_server.py:104]: Log pipe server started
2026-01-19 08:24:03,212 [INFO] [MainThread] [root/service.py:48]: AudioOutputService starting...
2026-01-19 08:24:03,694 [INFO] [MainThread] [root/bar_manager.py:85]: Starting KomorebiEventListener...
2026-01-19 08:24:03,695 [INFO] [MainThread] [root/bar_manager.py:85]: Starting SystemEventListener...
2026-01-19 08:24:03,695 [INFO] [MainThread] [root/watcher.py:54]: Created file watcher for path C:\Users\pspra\.config\yasb
2026-01-19 08:24:03,784 [INFO] [Dummy-5] [root/event_listener.py:51]: Created named pipe yasb-1d20a54f-f4e2-11f0-a68e-c235320973e5
2026-01-19 08:24:03,870 [INFO] [MainThread] [root/update_service.py:409]: Background update checker started
2026-01-19 08:24:03,870 [DEBUG] [MainThread] [qasync._windows._EventPoller/_windows.py:215]: Starting (proactor: <_IocpProactor overlapped#=0 result#=0>)...
2026-01-19 08:24:03,873 [DEBUG] [Dummy-8] [qasync._windows._EventWorker/_windows.py:195]: Thread started
2026-01-19 08:24:03,937 [INFO] [Dummy-5] [root/event_listener.py:125]: Komorebi connected to named pipe: yasb-1d20a54f-f4e2-11f0-a68e-c235320973e5
2026-01-19 08:24:04,131 [INFO] [MainThread] [root/api.py:69]: Fetching new weather data at 2026-01-19 08:24:04.131534
2026-01-19 08:34:03,573 [INFO] [MainThread] [root/api.py:69]: Fetching new weather data at 2026-01-19 08:34:03.573148
2026-01-19 08:44:03,680 [INFO] [MainThread] [root/api.py:69]: Fetching new weather data at 2026-01-19 08:44:03.680329
2026-01-19 08:54:03,544 [INFO] [MainThread] [root/api.py:69]: Fetching new weather data at 2026-01-19 08:54:03.543912
2026-01-20 10:25:42,825 [INFO] [MainThread] [root/log.py:69]: YASB v1.8.6
2026-01-20 10:25:42,827 [INFO] [Thread-1 (_run_server)] [cli_server/cli_server.py:212]: CLI server started v1.1.4
2026-01-20 10:25:42,828 [INFO] [MainThread] [cli_server/cli_server.py:104]: Log pipe server started
2026-01-20 10:25:46,870 [INFO] [MainThread] [root/service.py:48]: AudioOutputService starting...
2026-01-20 10:25:47,324 [INFO] [MainThread] [root/bar_manager.py:85]: Starting KomorebiEventListener...
2026-01-20 10:25:47,325 [INFO] [MainThread] [root/bar_manager.py:85]: Starting SystemEventListener...
2026-01-20 10:25:47,325 [INFO] [MainThread] [root/watcher.py:54]: Created file watcher for path C:\Users\pspra\.config\yasb
2026-01-20 10:25:47,366 [INFO] [Dummy-5] [root/event_listener.py:51]: Created named pipe yasb-48d7e1c2-f5bc-11f0-ad64-c035320973e6
2026-01-20 10:25:47,405 [INFO] [MainThread] [root/update_service.py:409]: Background update checker started
2026-01-20 10:25:47,405 [DEBUG] [MainThread] [qasync._windows._EventPoller/_windows.py:215]: Starting (proactor: <_IocpProactor overlapped#=0 result#=0>)...
2026-01-20 10:25:47,407 [DEBUG] [Dummy-8] [qasync._windows._EventWorker/_windows.py:195]: Thread started
2026-01-20 10:25:48,081 [INFO] [MainThread] [root/api.py:69]: Fetching new weather data at 2026-01-20 10:25:48.081305
2026-01-20 10:25:48,090 [WARNING] [MainThread] [root/weather.py:594]: Error processing weather data: list index out of range. Retrying fetch in 10 seconds.
Traceback (most recent call last):
  File "D:\a\yasb\yasb\src\core\widgets\yasb\weather.py", line 547, in process_weather_data
IndexError: list index out of range

2026-01-20 10:25:48,095 [WARNING] [MainThread] [root/weather.py:594]: Error processing weather data: list index out of range. Retrying fetch in 10 seconds.
Traceback (most recent call last):
  File "D:\a\yasb\yasb\src\core\widgets\yasb\weather.py", line 547, in process_weather_data
IndexError: list index out of range

2026-01-20 10:25:58,262 [INFO] [MainThread] [root/api.py:69]: Fetching new weather data at 2026-01-20 10:25:58.261959
2026-01-20 10:25:58,263 [WARNING] [MainThread] [root/weather.py:594]: Error processing weather data: list index out of range. Retrying fetch in 10 seconds.
Traceback (most recent call last):
  File "D:\a\yasb\yasb\src\core\widgets\yasb\weather.py", line 547, in process_weather_data
IndexError: list index out of range

2026-01-20 10:25:58,263 [WARNING] [MainThread] [root/weather.py:594]: Error processing weather data: list index out of range. Retrying fetch in 10 seconds.
Traceback (most recent call last):
  File "D:\a\yasb\yasb\src\core\widgets\yasb\weather.py", line 547, in process_weather_data
IndexError: list index out of range

2026-01-20 10:25:58,994 [INFO] [MainThread] [root/api.py:69]: Fetching new weather data at 2026-01-20 10:25:58.994791
2026-01-20 10:26:08,422 [INFO] [MainThread] [root/api.py:69]: Fetching new weather data at 2026-01-20 10:26:08.422295
2026-01-20 10:26:08,424 [WARNING] [MainThread] [root/weather.py:594]: Error processing weather data: list index out of range. Retrying fetch in 10 seconds.
Traceback (most recent call last):
  File "D:\a\yasb\yasb\src\core\widgets\yasb\weather.py", line 547, in process_weather_data
IndexError: list index out of range

2026-01-20 10:26:08,426 [WARNING] [MainThread] [root/weather.py:594]: Error processing weather data: list index out of range. Retrying fetch in 10 seconds.
Traceback (most recent call last):
  File "D:\a\yasb\yasb\src\core\widgets\yasb\weather.py", line 547, in process_weather_data
IndexError: list index out of range

2026-01-20 10:26:09,002 [INFO] [MainThread] [root/api.py:69]: Fetching new weather data at 2026-01-20 10:26:09.002627
2026-01-20 10:26:18,584 [INFO] [MainThread] [root/api.py:69]: Fetching new weather data at 2026-01-20 10:26:18.584059
2026-01-20 10:26:18,584 [WARNING] [MainThread] [root/weather.py:594]: Error processing weather data: list index out of range. Retrying fetch in 10 seconds.
Traceback (most recent call last):
  File "D:\a\yasb\yasb\src\core\widgets\yasb\weather.py", line 547, in process_weather_data
IndexError: list index out of range

2026-01-20 10:26:18,585 [WARNING] [MainThread] [root/weather.py:594]: Error processing weather data: list index out of range. Retrying fetch in 10 seconds.
Traceback (most recent call last):
  File "D:\a\yasb\yasb\src\core\widgets\yasb\weather.py", line 547, in process_weather_data
IndexError: list index out of range

2026-01-20 10:26:18,587 [INFO] [MainThread] [root/api.py:69]: Fetching new weather data at 2026-01-20 10:26:18.587516
2026-01-20 10:26:28,730 [INFO] [MainThread] [root/api.py:69]: Fetching new weather data at 2026-01-20 10:26:28.730691
2026-01-20 10:26:28,732 [WARNING] [MainThread] [root/weather.py:594]: Error processing weather data: list index out of range. Retrying fetch in 10 seconds.
Traceback (most recent call last):
  File "D:\a\yasb\yasb\src\core\widgets\yasb\weather.py", line 547, in process_weather_data
IndexError: list index out of range

2026-01-20 10:26:28,733 [WARNING] [MainThread] [root/weather.py:594]: Error processing weather data: list index out of range. Retrying fetch in 10 seconds.
Traceback (most recent call last):
  File "D:\a\yasb\yasb\src\core\widgets\yasb\weather.py", line 547, in process_weather_data
IndexError: list index out of range

2026-01-20 10:26:28,916 [INFO] [MainThread] [root/api.py:69]: Fetching new weather data at 2026-01-20 10:26:28.916834
2026-01-20 10:26:38,889 [INFO] [MainThread] [root/api.py:69]: Fetching new weather data at 2026-01-20 10:26:38.889352
2026-01-20 10:26:38,890 [WARNING] [MainThread] [root/weather.py:594]: Error processing weather data: list index out of range. Retrying fetch in 10 seconds.
Traceback (most recent call last):
  File "D:\a\yasb\yasb\src\core\widgets\yasb\weather.py", line 547, in process_weather_data
IndexError: list index out of range

2026-01-20 10:26:38,891 [WARNING] [MainThread] [root/weather.py:594]: Error processing weather data: list index out of range. Retrying fetch in 10 seconds.
Traceback (most recent call last):
  File "D:\a\yasb\yasb\src\core\widgets\yasb\weather.py", line 547, in process_weather_data
IndexError: list index out of range

2026-01-20 10:26:38,896 [INFO] [MainThread] [root/api.py:69]: Fetching new weather data at 2026-01-20 10:26:38.896690
2026-01-20 10:26:49,056 [INFO] [MainThread] [root/api.py:69]: Fetching new weather data at 2026-01-20 10:26:49.056403
2026-01-20 10:26:49,058 [WARNING] [MainThread] [root/weather.py:594]: Error processing weather data: list index out of range. Retrying fetch in 10 seconds.
Traceback (most recent call last):
  File "D:\a\yasb\yasb\src\core\widgets\yasb\weather.py", line 547, in process_weather_data
IndexError: list index out of range

2026-01-20 10:26:49,059 [WARNING] [MainThread] [root/weather.py:594]: Error processing weather data: list index out of range. Retrying fetch in 10 seconds.
Traceback (most recent call last):
  File "D:\a\yasb\yasb\src\core\widgets\yasb\weather.py", line 547, in process_weather_data
IndexError: list index out of range

2026-01-20 10:26:49,213 [INFO] [MainThread] [root/api.py:69]: Fetching new weather data at 2026-01-20 10:26:49.213206
2026-01-20 10:26:59,224 [INFO] [MainThread] [root/api.py:69]: Fetching new weather data at 2026-01-20 10:26:59.224542
2026-01-20 10:26:59,225 [WARNING] [MainThread] [root/weather.py:594]: Error processing weather data: list index out of range. Retrying fetch in 10 seconds.
Traceback (most recent call last):
  File "D:\a\yasb\yasb\src\core\widgets\yasb\weather.py", line 547, in process_weather_data
IndexError: list index out of range

2026-01-20 10:26:59,225 [WARNING] [MainThread] [root/weather.py:594]: Error processing weather data: list index out of range. Retrying fetch in 10 seconds.
Traceback (most recent call last):
  File "D:\a\yasb\yasb\src\core\widgets\yasb\weather.py", line 547, in process_weather_data
IndexError: list index out of range

2026-01-20 10:26:59,232 [INFO] [MainThread] [root/api.py:69]: Fetching new weather data at 2026-01-20 10:26:59.232669
2026-01-20 10:27:09,376 [INFO] [MainThread] [root/api.py:69]: Fetching new weather data at 2026-01-20 10:27:09.376138
2026-01-20 10:27:09,377 [WARNING] [MainThread] [root/weather.py:594]: Error processing weather data: list index out of range. Retrying fetch in 10 seconds.
Traceback (most recent call last):
  File "D:\a\yasb\yasb\src\core\widgets\yasb\weather.py", line 547, in process_weather_data
IndexError: list index out of range

2026-01-20 10:27:09,378 [WARNING] [MainThread] [root/weather.py:594]: Error processing weather data: list index out of range. Retrying fetch in 10 seconds.
Traceback (most recent call last):
  File "D:\a\yasb\yasb\src\core\widgets\yasb\weather.py", line 547, in process_weather_data
IndexError: list index out of range

2026-01-20 10:27:09,379 [INFO] [MainThread] [root/api.py:69]: Fetching new weather data at 2026-01-20 10:27:09.379560
2026-01-20 10:27:19,710 [INFO] [MainThread] [root/api.py:69]: Fetching new weather data at 2026-01-20 10:27:19.710327
2026-01-20 10:27:19,711 [WARNING] [MainThread] [root/weather.py:594]: Error processing weather data: list index out of range. Retrying fetch in 10 seconds.
Traceback (most recent call last):
  File "D:\a\yasb\yasb\src\core\widgets\yasb\weather.py", line 547, in process_weather_data
IndexError: list index out of range

2026-01-20 10:27:19,712 [WARNING] [MainThread] [root/weather.py:594]: Error processing weather data: list index out of range. Retrying fetch in 10 seconds.
Traceback (most recent call last):
  File "D:\a\yasb\yasb\src\core\widgets\yasb\weather.py", line 547, in process_weather_data
IndexError: list index out of range

2026-01-20 10:27:19,718 [INFO] [MainThread] [root/api.py:69]: Fetching new weather data at 2026-01-20 10:27:19.718616
2026-01-20 10:27:29,881 [INFO] [MainThread] [root/api.py:69]: Fetching new weather data at 2026-01-20 10:27:29.881895
2026-01-20 10:27:29,883 [WARNING] [MainThread] [root/weather.py:594]: Error processing weather data: list index out of range. Retrying fetch in 10 seconds.
Traceback (most recent call last):
  File "D:\a\yasb\yasb\src\core\widgets\yasb\weather.py", line 547, in process_weather_data
IndexError: list index out of range

2026-01-20 10:27:29,883 [WARNING] [MainThread] [root/weather.py:594]: Error processing weather data: list index out of range. Retrying fetch in 10 seconds.
Traceback (most recent call last):
  File "D:\a\yasb\yasb\src\core\widgets\yasb\weather.py", line 547, in process_weather_data
IndexError: list index out of range

2026-01-20 10:27:29,887 [INFO] [MainThread] [root/api.py:69]: Fetching new weather data at 2026-01-20 10:27:29.887916
2026-01-20 10:27:40,191 [INFO] [MainThread] [root/api.py:69]: Fetching new weather data at 2026-01-20 10:27:40.191343
2026-01-20 10:27:40,192 [WARNING] [MainThread] [root/weather.py:594]: Error processing weather data: list index out of range. Retrying fetch in 10 seconds.
Traceback (most recent call last):
  File "D:\a\yasb\yasb\src\core\widgets\yasb\weather.py", line 547, in process_weather_data
IndexError: list index out of range

2026-01-20 10:27:40,193 [WARNING] [MainThread] [root/weather.py:594]: Error processing weather data: list index out of range. Retrying fetch in 10 seconds.
Traceback (most recent call last):
  File "D:\a\yasb\yasb\src\core\widgets\yasb\weather.py", line 547, in process_weather_data
IndexError: list index out of range

2026-01-20 10:27:40,227 [INFO] [MainThread] [root/api.py:69]: Fetching new weather data at 2026-01-20 10:27:40.227570
2026-01-20 10:27:50,498 [INFO] [MainThread] [root/api.py:69]: Fetching new weather data at 2026-01-20 10:27:50.498714
2026-01-20 10:27:50,501 [WARNING] [MainThread] [root/weather.py:594]: Error processing weather data: list index out of range. Retrying fetch in 10 seconds.
Traceback (most recent call last):
  File "D:\a\yasb\yasb\src\core\widgets\yasb\weather.py", line 547, in process_weather_data
IndexError: list index out of range

2026-01-20 10:27:50,503 [WARNING] [MainThread] [root/weather.py:594]: Error processing weather data: list index out of range. Retrying fetch in 10 seconds.
Traceback (most recent call last):
  File "D:\a\yasb\yasb\src\core\widgets\yasb\weather.py", line 547, in process_weather_data
IndexError: list index out of range

2026-01-20 10:27:50,525 [INFO] [MainThread] [root/api.py:69]: Fetching new weather data at 2026-01-20 10:27:50.525870
2026-01-20 10:28:00,740 [INFO] [MainThread] [root/api.py:69]: Fetching new weather data at 2026-01-20 10:28:00.740498
2026-01-20 10:28:00,741 [WARNING] [MainThread] [root/weather.py:594]: Error processing weather data: list index out of range. Retrying fetch in 10 seconds.
Traceback (most recent call last):
  File "D:\a\yasb\yasb\src\core\widgets\yasb\weather.py", line 547, in process_weather_data
IndexError: list index out of range

2026-01-20 10:28:00,742 [WARNING] [MainThread] [root/weather.py:594]: Error processing weather data: list index out of range. Retrying fetch in 10 seconds.
Traceback (most recent call last):
  File "D:\a\yasb\yasb\src\core\widgets\yasb\weather.py", line 547, in process_weather_data
IndexError: list index out of range

2026-01-20 10:28:00,888 [INFO] [MainThread] [root/api.py:69]: Fetching new weather data at 2026-01-20 10:28:00.887979
2026-01-20 10:28:10,969 [INFO] [MainThread] [root/api.py:69]: Fetching new weather data at 2026-01-20 10:28:10.969403
2026-01-20 10:28:10,970 [WARNING] [MainThread] [root/weather.py:594]: Error processing weather data: list index out of range. Retrying fetch in 10 seconds.
Traceback (most recent call last):
  File "D:\a\yasb\yasb\src\core\widgets\yasb\weather.py", line 547, in process_weather_data
IndexError: list index out of range

2026-01-20 10:28:10,971 [WARNING] [MainThread] [root/weather.py:594]: Error processing weather data: list index out of range. Retrying fetch in 10 seconds.
Traceback (most recent call last):
  File "D:\a\yasb\yasb\src\core\widgets\yasb\weather.py", line 547, in process_weather_data
IndexError: list index out of range

2026-01-20 10:28:11,445 [INFO] [MainThread] [root/api.py:69]: Fetching new weather data at 2026-01-20 10:28:11.445078
2026-01-20 10:28:21,293 [INFO] [MainThread] [root/api.py:69]: Fetching new weather data at 2026-01-20 10:28:21.293423
2026-01-20 10:28:21,294 [WARNING] [MainThread] [root/weather.py:594]: Error processing weather data: list index out of range. Retrying fetch in 10 seconds.
Traceback (most recent call last):
  File "D:\a\yasb\yasb\src\core\widgets\yasb\weather.py", line 547, in process_weather_data
IndexError: list index out of range

2026-01-20 10:28:21,295 [WARNING] [MainThread] [root/weather.py:594]: Error processing weather data: list index out of range. Retrying fetch in 10 seconds.
Traceback (most recent call last):
  File "D:\a\yasb\yasb\src\core\widgets\yasb\weather.py", line 547, in process_weather_data
IndexError: list index out of range

2026-01-20 10:28:21,330 [INFO] [MainThread] [root/api.py:69]: Fetching new weather data at 2026-01-20 10:28:21.330854
2026-01-20 10:28:31,539 [INFO] [MainThread] [root/api.py:69]: Fetching new weather data at 2026-01-20 10:28:31.539483
2026-01-20 10:28:31,540 [WARNING] [MainThread] [root/weather.py:594]: Error processing weather data: list index out of range. Retrying fetch in 10 seconds.
Traceback (most recent call last):
  File "D:\a\yasb\yasb\src\core\widgets\yasb\weather.py", line 547, in process_weather_data
IndexError: list index out of range

2026-01-20 10:28:31,541 [WARNING] [MainThread] [root/weather.py:594]: Error processing weather data: list index out of range. Retrying fetch in 10 seconds.
Traceback (most recent call last):
  File "D:\a\yasb\yasb\src\core\widgets\yasb\weather.py", line 547, in process_weather_data
IndexError: list index out of range

2026-01-20 10:28:31,641 [INFO] [MainThread] [root/api.py:69]: Fetching new weather data at 2026-01-20 10:28:31.641839
2026-01-20 10:28:41,895 [INFO] [MainThread] [root/api.py:69]: Fetching new weather data at 2026-01-20 10:28:41.895001
2026-01-20 10:28:41,896 [WARNING] [MainThread] [root/weather.py:594]: Error processing weather data: list index out of range. Retrying fetch in 10 seconds.
Traceback (most recent call last):
  File "D:\a\yasb\yasb\src\core\widgets\yasb\weather.py", line 547, in process_weather_data
IndexError: list index out of range

2026-01-20 10:28:41,897 [WARNING] [MainThread] [root/weather.py:594]: Error processing weather data: list index out of range. Retrying fetch in 10 seconds.
Traceback (most recent call last):
  File "D:\a\yasb\yasb\src\core\widgets\yasb\weather.py", line 547, in process_weather_data
IndexError: list index out of range

2026-01-20 10:28:42,080 [INFO] [MainThread] [root/api.py:69]: Fetching new weather data at 2026-01-20 10:28:42.080349
2026-01-20 10:28:52,173 [INFO] [MainThread] [root/api.py:69]: Fetching new weather data at 2026-01-20 10:28:52.173827
2026-01-20 10:28:52,175 [WARNING] [MainThread] [root/weather.py:594]: Error processing weather data: list index out of range. Retrying fetch in 10 seconds.
Traceback (most recent call last):
  File "D:\a\yasb\yasb\src\core\widgets\yasb\weather.py", line 547, in process_weather_data
IndexError: list index out of range

2026-01-20 10:28:52,177 [WARNING] [MainThread] [root/weather.py:594]: Error processing weather data: list index out of range. Retrying fetch in 10 seconds.
Traceback (most recent call last):
  File "D:\a\yasb\yasb\src\core\widgets\yasb\weather.py", line 547, in process_weather_data
IndexError: list index out of range

2026-01-20 10:28:52,232 [INFO] [MainThread] [root/api.py:69]: Fetching new weather data at 2026-01-20 10:28:52.231956
2026-01-20 10:29:02,476 [INFO] [MainThread] [root/api.py:69]: Fetching new weather data at 2026-01-20 10:29:02.475930
2026-01-20 10:29:02,478 [WARNING] [MainThread] [root/weather.py:594]: Error processing weather data: list index out of range. Retrying fetch in 10 seconds.
Traceback (most recent call last):
  File "D:\a\yasb\yasb\src\core\widgets\yasb\weather.py", line 547, in process_weather_data
IndexError: list index out of range

2026-01-20 10:29:02,480 [WARNING] [MainThread] [root/weather.py:594]: Error processing weather data: list index out of range. Retrying fetch in 10 seconds.
Traceback (most recent call last):
  File "D:\a\yasb\yasb\src\core\widgets\yasb\weather.py", line 547, in process_weather_data
IndexError: list index out of range

2026-01-20 10:29:02,543 [INFO] [MainThread] [root/api.py:69]: Fetching new weather data at 2026-01-20 10:29:02.543076
2026-01-20 10:29:12,729 [INFO] [MainThread] [root/api.py:69]: Fetching new weather data at 2026-01-20 10:29:12.729409
2026-01-20 10:29:12,731 [WARNING] [MainThread] [root/weather.py:594]: Error processing weather data: list index out of range. Retrying fetch in 10 seconds.
Traceback (most recent call last):
  File "D:\a\yasb\yasb\src\core\widgets\yasb\weather.py", line 547, in process_weather_data
IndexError: list index out of range

2026-01-20 10:29:12,733 [WARNING] [MainThread] [root/weather.py:594]: Error processing weather data: list index out of range. Retrying fetch in 10 seconds.
Traceback (most recent call last):
  File "D:\a\yasb\yasb\src\core\widgets\yasb\weather.py", line 547, in process_weather_data
IndexError: list index out of range

2026-01-20 10:29:12,956 [INFO] [MainThread] [root/api.py:69]: Fetching new weather data at 2026-01-20 10:29:12.956547
2026-01-20 10:29:22,993 [INFO] [MainThread] [root/api.py:69]: Fetching new weather data at 2026-01-20 10:29:22.993430
2026-01-20 10:29:22,995 [WARNING] [MainThread] [root/weather.py:594]: Error processing weather data: list index out of range. Retrying fetch in 10 seconds.
Traceback (most recent call last):
  File "D:\a\yasb\yasb\src\core\widgets\yasb\weather.py", line 547, in process_weather_data
IndexError: list index out of range

2026-01-20 10:29:22,996 [WARNING] [MainThread] [root/weather.py:594]: Error processing weather data: list index out of range. Retrying fetch in 10 seconds.
Traceback (most recent call last):
  File "D:\a\yasb\yasb\src\core\widgets\yasb\weather.py", line 547, in process_weather_data
IndexError: list index out of range

2026-01-20 10:29:23,048 [INFO] [MainThread] [root/api.py:69]: Fetching new weather data at 2026-01-20 10:29:23.048903
2026-01-20 10:29:33,265 [INFO] [MainThread] [root/api.py:69]: Fetching new weather data at 2026-01-20 10:29:33.265670
2026-01-20 10:29:33,266 [WARNING] [MainThread] [root/weather.py:594]: Error processing weather data: list index out of range. Retrying fetch in 10 seconds.
Traceback (most recent call last):
  File "D:\a\yasb\yasb\src\core\widgets\yasb\weather.py", line 547, in process_weather_data
IndexError: list index out of range

2026-01-20 10:29:33,267 [WARNING] [MainThread] [root/weather.py:594]: Error processing weather data: list index out of range. Retrying fetch in 10 seconds.
Traceback (most recent call last):
  File "D:\a\yasb\yasb\src\core\widgets\yasb\weather.py", line 547, in process_weather_data
IndexError: list index out of range

2026-01-20 10:29:33,316 [INFO] [MainThread] [root/api.py:69]: Fetching new weather data at 2026-01-20 10:29:33.316178
2026-01-20 10:29:43,987 [INFO] [MainThread] [root/api.py:69]: Fetching new weather data at 2026-01-20 10:29:43.987556
2026-01-20 10:29:43,988 [WARNING] [MainThread] [root/weather.py:594]: Error processing weather data: list index out of range. Retrying fetch in 10 seconds.
Traceback (most recent call last):
  File "D:\a\yasb\yasb\src\core\widgets\yasb\weather.py", line 547, in process_weather_data
IndexError: list index out of range

2026-01-20 10:29:43,989 [WARNING] [MainThread] [root/weather.py:594]: Error processing weather data: list index out of range. Retrying fetch in 10 seconds.
Traceback (most recent call last):
  File "D:\a\yasb\yasb\src\core\widgets\yasb\weather.py", line 547, in process_weather_data
IndexError: list index out of range

2026-01-20 10:29:44,085 [INFO] [MainThread] [root/api.py:69]: Fetching new weather data at 2026-01-20 10:29:44.085871
2026-01-20 10:29:54,495 [INFO] [MainThread] [root/api.py:69]: Fetching new weather data at 2026-01-20 10:29:54.495925
2026-01-20 10:29:54,496 [WARNING] [MainThread] [root/weather.py:594]: Error processing weather data: list index out of range. Retrying fetch in 10 seconds.
Traceback (most recent call last):
  File "D:\a\yasb\yasb\src\core\widgets\yasb\weather.py", line 547, in process_weather_data
IndexError: list index out of range

2026-01-20 10:29:54,497 [WARNING] [MainThread] [root/weather.py:594]: Error processing weather data: list index out of range. Retrying fetch in 10 seconds.
Traceback (most recent call last):
  File "D:\a\yasb\yasb\src\core\widgets\yasb\weather.py", line 547, in process_weather_data
IndexError: list index out of range

2026-01-20 10:29:55,023 [INFO] [MainThread] [root/api.py:69]: Fetching new weather data at 2026-01-20 10:29:55.022954
2026-01-20 10:30:04,866 [INFO] [MainThread] [root/api.py:69]: Fetching new weather data at 2026-01-20 10:30:04.866618
2026-01-20 10:30:04,868 [WARNING] [MainThread] [root/weather.py:594]: Error processing weather data: list index out of range. Retrying fetch in 10 seconds.
Traceback (most recent call last):
  File "D:\a\yasb\yasb\src\core\widgets\yasb\weather.py", line 547, in process_weather_data
IndexError: list index out of range

2026-01-20 10:30:04,869 [WARNING] [MainThread] [root/weather.py:594]: Error processing weather data: list index out of range. Retrying fetch in 10 seconds.
Traceback (most recent call last):
  File "D:\a\yasb\yasb\src\core\widgets\yasb\weather.py", line 547, in process_weather_data
IndexError: list index out of range

2026-01-20 10:30:04,947 [INFO] [MainThread] [root/api.py:69]: Fetching new weather data at 2026-01-20 10:30:04.947509
2026-01-20 10:30:15,225 [INFO] [MainThread] [root/api.py:69]: Fetching new weather data at 2026-01-20 10:30:15.225703
2026-01-20 10:30:15,226 [WARNING] [MainThread] [root/weather.py:594]: Error processing weather data: list index out of range. Retrying fetch in 10 seconds.
Traceback (most recent call last):
  File "D:\a\yasb\yasb\src\core\widgets\yasb\weather.py", line 547, in process_weather_data
IndexError: list index out of range

2026-01-20 10:30:15,227 [WARNING] [MainThread] [root/weather.py:594]: Error processing weather data: list index out of range. Retrying fetch in 10 seconds.
Traceback (most recent call last):
  File "D:\a\yasb\yasb\src\core\widgets\yasb\weather.py", line 547, in process_weather_data
IndexError: list index out of range

2026-01-20 10:30:15,308 [INFO] [MainThread] [root/api.py:69]: Fetching new weather data at 2026-01-20 10:30:15.308386
2026-01-20 10:30:25,607 [INFO] [MainThread] [root/api.py:69]: Fetching new weather data at 2026-01-20 10:30:25.607813
2026-01-20 10:30:25,609 [WARNING] [MainThread] [root/weather.py:594]: Error processing weather data: list index out of range. Retrying fetch in 10 seconds.
Traceback (most recent call last):
  File "D:\a\yasb\yasb\src\core\widgets\yasb\weather.py", line 547, in process_weather_data
IndexError: list index out of range

2026-01-20 10:30:25,610 [WARNING] [MainThread] [root/weather.py:594]: Error processing weather data: list index out of range. Retrying fetch in 10 seconds.
Traceback (most recent call last):
  File "D:\a\yasb\yasb\src\core\widgets\yasb\weather.py", line 547, in process_weather_data
IndexError: list index out of range

2026-01-20 10:30:25,647 [INFO] [MainThread] [root/api.py:69]: Fetching new weather data at 2026-01-20 10:30:25.647261
2026-01-20 10:30:36,068 [INFO] [MainThread] [root/api.py:69]: Fetching new weather data at 2026-01-20 10:30:36.068870
2026-01-20 10:30:36,070 [WARNING] [MainThread] [root/weather.py:594]: Error processing weather data: list index out of range. Retrying fetch in 10 seconds.
Traceback (most recent call last):
  File "D:\a\yasb\yasb\src\core\widgets\yasb\weather.py", line 547, in process_weather_data
IndexError: list index out of range

2026-01-20 10:30:36,071 [WARNING] [MainThread] [root/weather.py:594]: Error processing weather data: list index out of range. Retrying fetch in 10 seconds.
Traceback (most recent call last):
  File "D:\a\yasb\yasb\src\core\widgets\yasb\weather.py", line 547, in process_weather_data
IndexError: list index out of range

2026-01-20 10:30:36,231 [INFO] [MainThread] [root/api.py:69]: Fetching new weather data at 2026-01-20 10:30:36.231385
2026-01-20 10:30:46,441 [INFO] [MainThread] [root/api.py:69]: Fetching new weather data at 2026-01-20 10:30:46.441177
2026-01-20 10:30:46,442 [WARNING] [MainThread] [root/weather.py:594]: Error processing weather data: list index out of range. Retrying fetch in 10 seconds.
Traceback (most recent call last):
  File "D:\a\yasb\yasb\src\core\widgets\yasb\weather.py", line 547, in process_weather_data
IndexError: list index out of range

2026-01-20 10:30:46,444 [WARNING] [MainThread] [root/weather.py:594]: Error processing weather data: list index out of range. Retrying fetch in 10 seconds.
Traceback (most recent call last):
  File "D:\a\yasb\yasb\src\core\widgets\yasb\weather.py", line 547, in process_weather_data
IndexError: list index out of range

2026-01-20 10:30:46,483 [INFO] [MainThread] [root/api.py:69]: Fetching new weather data at 2026-01-20 10:30:46.483453
2026-01-20 10:30:56,823 [INFO] [MainThread] [root/api.py:69]: Fetching new weather data at 2026-01-20 10:30:56.823632
2026-01-20 10:30:56,824 [WARNING] [MainThread] [root/weather.py:594]: Error processing weather data: list index out of range. Retrying fetch in 10 seconds.
Traceback (most recent call last):
  File "D:\a\yasb\yasb\src\core\widgets\yasb\weather.py", line 547, in process_weather_data
IndexError: list index out of range

2026-01-20 10:30:56,825 [WARNING] [MainThread] [root/weather.py:594]: Error processing weather data: list index out of range. Retrying fetch in 10 seconds.
Traceback (most recent call last):
  File "D:\a\yasb\yasb\src\core\widgets\yasb\weather.py", line 547, in process_weather_data
IndexError: list index out of range

2026-01-20 10:30:56,860 [INFO] [MainThread] [root/api.py:69]: Fetching new weather data at 2026-01-20 10:30:56.860777
2026-01-20 10:31:07,241 [INFO] [MainThread] [root/api.py:69]: Fetching new weather data at 2026-01-20 10:31:07.241671
2026-01-20 10:31:07,242 [WARNING] [MainThread] [root/weather.py:594]: Error processing weather data: list index out of range. Retrying fetch in 10 seconds.
Traceback (most recent call last):
  File "D:\a\yasb\yasb\src\core\widgets\yasb\weather.py", line 547, in process_weather_data
IndexError: list index out of range

2026-01-20 10:31:07,243 [WARNING] [MainThread] [root/weather.py:594]: Error processing weather data: list index out of range. Retrying fetch in 10 seconds.
Traceback (most recent call last):
  File "D:\a\yasb\yasb\src\core\widgets\yasb\weather.py", line 547, in process_weather_data
IndexError: list index out of range

2026-01-20 10:31:07,257 [INFO] [MainThread] [root/api.py:69]: Fetching new weather data at 2026-01-20 10:31:07.256986
2026-01-20 10:31:17,618 [INFO] [MainThread] [root/api.py:69]: Fetching new weather data at 2026-01-20 10:31:17.618602
2026-01-20 10:31:17,619 [WARNING] [MainThread] [root/weather.py:594]: Error processing weather data: list index out of range. Retrying fetch in 10 seconds.
Traceback (most recent call last):
  File "D:\a\yasb\yasb\src\core\widgets\yasb\weather.py", line 547, in process_weather_data
IndexError: list index out of range

2026-01-20 10:31:17,620 [WARNING] [MainThread] [root/weather.py:594]: Error processing weather data: list index out of range. Retrying fetch in 10 seconds.
Traceback (most recent call last):
  File "D:\a\yasb\yasb\src\core\widgets\yasb\weather.py", line 547, in process_weather_data
IndexError: list index out of range

2026-01-20 10:31:17,636 [INFO] [MainThread] [root/api.py:69]: Fetching new weather data at 2026-01-20 10:31:17.636421
2026-01-20 10:31:27,936 [INFO] [MainThread] [root/api.py:69]: Fetching new weather data at 2026-01-20 10:31:27.936106
2026-01-20 10:31:27,937 [WARNING] [MainThread] [root/weather.py:594]: Error processing weather data: list index out of range. Retrying fetch in 10 seconds.
Traceback (most recent call last):
  File "D:\a\yasb\yasb\src\core\widgets\yasb\weather.py", line 547, in process_weather_data
IndexError: list index out of range

2026-01-20 10:31:27,937 [WARNING] [MainThread] [root/weather.py:594]: Error processing weather data: list index out of range. Retrying fetch in 10 seconds.
Traceback (most recent call last):
  File "D:\a\yasb\yasb\src\core\widgets\yasb\weather.py", line 547, in process_weather_data
IndexError: list index out of range

2026-01-20 10:31:28,027 [INFO] [MainThread] [root/api.py:69]: Fetching new weather data at 2026-01-20 10:31:28.027938
2026-01-20 10:31:38,299 [INFO] [MainThread] [root/api.py:69]: Fetching new weather data at 2026-01-20 10:31:38.299280
2026-01-20 10:31:38,300 [WARNING] [MainThread] [root/weather.py:594]: Error processing weather data: list index out of range. Retrying fetch in 10 seconds.
Traceback (most recent call last):
  File "D:\a\yasb\yasb\src\core\widgets\yasb\weather.py", line 547, in process_weather_data
IndexError: list index out of range

2026-01-20 10:31:38,302 [WARNING] [MainThread] [root/weather.py:594]: Error processing weather data: list index out of range. Retrying fetch in 10 seconds.
Traceback (most recent call last):
  File "D:\a\yasb\yasb\src\core\widgets\yasb\weather.py", line 547, in process_weather_data
IndexError: list index out of range

2026-01-20 10:31:38,354 [INFO] [MainThread] [root/api.py:69]: Fetching new weather data at 2026-01-20 10:31:38.354005
2026-01-20 10:31:48,687 [INFO] [MainThread] [root/api.py:69]: Fetching new weather data at 2026-01-20 10:31:48.687065
2026-01-20 10:31:48,688 [WARNING] [MainThread] [root/weather.py:594]: Error processing weather data: list index out of range. Retrying fetch in 10 seconds.
Traceback (most recent call last):
  File "D:\a\yasb\yasb\src\core\widgets\yasb\weather.py", line 547, in process_weather_data
IndexError: list index out of range

2026-01-20 10:31:48,689 [WARNING] [MainThread] [root/weather.py:594]: Error processing weather data: list index out of range. Retrying fetch in 10 seconds.
Traceback (most recent call last):
  File "D:\a\yasb\yasb\src\core\widgets\yasb\weather.py", line 547, in process_weather_data
IndexError: list index out of range

2026-01-20 10:31:48,703 [INFO] [MainThread] [root/api.py:69]: Fetching new weather data at 2026-01-20 10:31:48.703906
2026-01-20 10:31:59,048 [INFO] [MainThread] [root/api.py:69]: Fetching new weather data at 2026-01-20 10:31:59.048411
2026-01-20 10:31:59,141 [INFO] [MainThread] [root/api.py:69]: Fetching new weather data at 2026-01-20 10:31:59.141532
2026-01-20 10:35:47,331 [INFO] [MainThread] [root/api.py:69]: Fetching new weather data at 2026-01-20 10:35:47.331551
2026-01-20 10:40:24,234 [INFO] [Dummy-5] [root/event_listener.py:125]: Komorebi connected to named pipe: yasb-48d7e1c2-f5bc-11f0-ad64-c035320973e6
2026-01-20 10:45:47,200 [INFO] [MainThread] [root/api.py:69]: Fetching new weather data at 2026-01-20 10:45:47.200922
2026-01-20 10:55:47,182 [INFO] [MainThread] [root/api.py:69]: Fetching new weather data at 2026-01-20 10:55:47.176053
2026-01-20 11:05:47,378 [INFO] [MainThread] [root/api.py:69]: Fetching new weather data at 2026-01-20 11:05:47.377989
2026-01-20 11:15:47,190 [INFO] [MainThread] [root/api.py:69]: Fetching new weather data at 2026-01-20 11:15:47.190861
2026-01-20 11:25:47,128 [INFO] [MainThread] [root/api.py:69]: Fetching new weather data at 2026-01-20 11:25:47.128241
2026-01-20 11:35:47,354 [INFO] [MainThread] [root/api.py:69]: Fetching new weather data at 2026-01-20 11:35:47.354174
2026-01-20 11:45:47,244 [INFO] [MainThread] [root/api.py:69]: Fetching new weather data at 2026-01-20 11:45:47.244105
2026-01-20 11:55:47,363 [INFO] [MainThread] [root/api.py:69]: Fetching new weather data at 2026-01-20 11:55:47.363675
2026-01-20 12:05:47,332 [INFO] [MainThread] [root/api.py:69]: Fetching new weather data at 2026-01-20 12:05:47.332226
2026-01-20 12:15:47,298 [INFO] [MainThread] [root/api.py:69]: Fetching new weather data at 2026-01-20 12:15:47.297808
2026-01-20 12:25:47,285 [INFO] [MainThread] [root/api.py:69]: Fetching new weather data at 2026-01-20 12:25:47.285310
2026-01-20 12:35:47,391 [INFO] [MainThread] [root/api.py:69]: Fetching new weather data at 2026-01-20 12:35:47.391552
2026-01-20 12:45:47,207 [INFO] [MainThread] [root/api.py:69]: Fetching new weather data at 2026-01-20 12:45:47.206989
2026-01-20 12:55:48,382 [INFO] [MainThread] [root/api.py:69]: Fetching new weather data at 2026-01-20 12:55:48.382619
2026-01-20 13:05:47,173 [INFO] [MainThread] [root/api.py:69]: Fetching new weather data at 2026-01-20 13:05:47.173839
2026-01-20 13:15:48,307 [INFO] [MainThread] [root/api.py:69]: Fetching new weather data at 2026-01-20 13:15:48.306990
2026-01-20 13:25:47,953 [INFO] [MainThread] [root/api.py:69]: Fetching new weather data at 2026-01-20 13:25:47.953717
2026-01-20 13:35:47,286 [INFO] [MainThread] [root/api.py:69]: Fetching new weather data at 2026-01-20 13:35:47.286862
2026-01-20 13:45:47,577 [INFO] [MainThread] [root/api.py:69]: Fetching new weather data at 2026-01-20 13:45:47.577694
2026-01-20 13:55:48,852 [INFO] [MainThread] [root/api.py:69]: Fetching new weather data at 2026-01-20 13:55:48.852302
2026-01-20 14:05:46,848 [ERROR] [MainThread] [root/api.py:84]: No internet connection or host not found. Unable to fetch weather.
2026-01-20 14:05:46,849 [WARNING] [MainThread] [root/weather.py:594]: Error processing weather data: Weather data is empty.. Retrying fetch in 10 seconds.
2026-01-20 14:05:46,851 [WARNING] [MainThread] [root/weather.py:594]: Error processing weather data: Weather data is empty.. Retrying fetch in 10 seconds.
2026-01-20 14:05:56,856 [ERROR] [MainThread] [root/api.py:84]: No internet connection or host not found. Unable to fetch weather.
2026-01-20 14:05:56,856 [WARNING] [MainThread] [root/weather.py:594]: Error processing weather data: Weather data is empty.. Retrying fetch in 10 seconds.
2026-01-20 14:05:56,857 [WARNING] [MainThread] [root/weather.py:594]: Error processing weather data: Weather data is empty.. Retrying fetch in 10 seconds.
2026-01-20 14:05:56,858 [ERROR] [MainThread] [root/api.py:84]: No internet connection or host not found. Unable to fetch weather.
2026-01-20 14:06:06,869 [ERROR] [MainThread] [root/api.py:84]: No internet connection or host not found. Unable to fetch weather.
2026-01-20 14:06:06,869 [WARNING] [MainThread] [root/weather.py:594]: Error processing weather data: Weather data is empty.. Retrying fetch in 10 seconds.
2026-01-20 14:06:06,871 [WARNING] [MainThread] [root/weather.py:594]: Error processing weather data: Weather data is empty.. Retrying fetch in 10 seconds.
2026-01-20 14:06:06,872 [ERROR] [MainThread] [root/api.py:84]: No internet connection or host not found. Unable to fetch weather.
2026-01-20 14:06:16,864 [ERROR] [MainThread] [root/api.py:84]: No internet connection or host not found. Unable to fetch weather.
2026-01-20 14:06:16,864 [WARNING] [MainThread] [root/weather.py:594]: Error processing weather data: Weather data is empty.. Retrying fetch in 10 seconds.
2026-01-20 14:06:16,865 [WARNING] [MainThread] [root/weather.py:594]: Error processing weather data: Weather data is empty.. Retrying fetch in 10 seconds.
2026-01-20 14:06:16,865 [ERROR] [MainThread] [root/api.py:84]: No internet connection or host not found. Unable to fetch weather.
2026-01-20 14:06:26,882 [ERROR] [MainThread] [root/api.py:84]: No internet connection or host not found. Unable to fetch weather.
2026-01-20 14:06:26,882 [WARNING] [MainThread] [root/weather.py:594]: Error processing weather data: Weather data is empty.. Retrying fetch in 10 seconds.
2026-01-20 14:06:26,883 [WARNING] [MainThread] [root/weather.py:594]: Error processing weather data: Weather data is empty.. Retrying fetch in 10 seconds.
2026-01-20 14:06:26,883 [ERROR] [MainThread] [root/api.py:84]: No internet connection or host not found. Unable to fetch weather.
2026-01-20 14:06:36,887 [ERROR] [MainThread] [root/api.py:84]: No internet connection or host not found. Unable to fetch weather.
2026-01-20 14:06:36,888 [WARNING] [MainThread] [root/weather.py:594]: Error processing weather data: Weather data is empty.. Retrying fetch in 10 seconds.
2026-01-20 14:06:36,889 [WARNING] [MainThread] [root/weather.py:594]: Error processing weather data: Weather data is empty.. Retrying fetch in 10 seconds.
2026-01-20 14:06:36,890 [ERROR] [MainThread] [root/api.py:84]: No internet connection or host not found. Unable to fetch weather.
2026-01-20 14:06:47,527 [INFO] [MainThread] [root/api.py:69]: Fetching new weather data at 2026-01-20 14:06:47.527010
2026-01-20 14:06:50,291 [INFO] [MainThread] [root/api.py:69]: Fetching new weather data at 2026-01-20 14:06:50.291812
2026-01-20 14:15:47,265 [INFO] [MainThread] [root/api.py:69]: Fetching new weather data at 2026-01-20 14:15:47.265077
2026-01-20 14:25:47,699 [INFO] [MainThread] [root/api.py:69]: Fetching new weather data at 2026-01-20 14:25:47.699161
2026-01-20 14:35:47,765 [INFO] [MainThread] [root/api.py:69]: Fetching new weather data at 2026-01-20 14:35:47.765514
2026-01-20 14:45:47,177 [INFO] [MainThread] [root/api.py:69]: Fetching new weather data at 2026-01-20 14:45:47.177892
2026-01-20 14:55:48,275 [INFO] [MainThread] [root/api.py:69]: Fetching new weather data at 2026-01-20 14:55:48.275042
2026-01-20 15:05:47,347 [INFO] [MainThread] [root/api.py:69]: Fetching new weather data at 2026-01-20 15:05:47.347439
2026-01-20 15:15:47,727 [INFO] [MainThread] [root/api.py:69]: Fetching new weather data at 2026-01-20 15:15:47.724955
2026-01-20 15:25:47,234 [INFO] [MainThread] [root/api.py:69]: Fetching new weather data at 2026-01-20 15:25:47.233914
2026-01-20 15:35:47,537 [INFO] [MainThread] [root/api.py:69]: Fetching new weather data at 2026-01-20 15:35:47.537410
2026-01-20 15:45:48,357 [INFO] [MainThread] [root/api.py:69]: Fetching new weather data at 2026-01-20 15:45:48.357101
2026-01-20 15:55:47,864 [INFO] [MainThread] [root/api.py:69]: Fetching new weather data at 2026-01-20 15:55:47.864408
2026-01-20 16:05:47,454 [INFO] [MainThread] [root/api.py:69]: Fetching new weather data at 2026-01-20 16:05:47.453884
2026-01-20 16:15:47,576 [INFO] [MainThread] [root/api.py:69]: Fetching new weather data at 2026-01-20 16:15:47.575887
2026-01-20 16:25:47,285 [INFO] [MainThread] [root/api.py:69]: Fetching new weather data at 2026-01-20 16:25:47.284623
2026-01-20 16:35:47,240 [INFO] [MainThread] [root/api.py:69]: Fetching new weather data at 2026-01-20 16:35:47.240170
2026-01-20 16:45:47,797 [INFO] [MainThread] [root/api.py:69]: Fetching new weather data at 2026-01-20 16:45:47.797439
2026-01-20 16:55:47,172 [INFO] [MainThread] [root/api.py:69]: Fetching new weather data at 2026-01-20 16:55:47.172448
2026-01-20 17:05:03,732 [INFO] [MainThread] [root/controller.py:15]: Reloading Application because of config change.
2026-01-20 17:05:03,852 [INFO] [MainThread] [cli_server/cli_server.py:112]: Log pipe server stopped
2026-01-20 17:05:03,853 [DEBUG] [MainThread] [cli_server/cli_server.py:206]: CLI server stopped
2026-01-20 17:05:03,884 [INFO] [MainThread] [root/bar_manager.py:76]: Successfully loaded updated config and re-initialised all bars.
2026-01-20 17:05:04,139 [INFO] [MainThread] [root/bar_manager.py:92]: Stopping KomorebiEventListener...
2026-01-20 17:05:04,139 [INFO] [MainThread] [root/bar_manager.py:92]: Stopping SystemEventListener...
2026-01-20 17:05:04,154 [INFO] [Dummy-5] [root/event_listener.py:92]: Attempting to reconnect to Komorebi...
2026-01-20 17:05:04,168 [DEBUG] [MainThread] [qasync._windows._EventPoller/_windows.py:220]: Stopping worker thread...
2026-01-20 17:05:04,177 [DEBUG] [Dummy-8] [qasync._windows._EventWorker/_windows.py:204]: Exiting thread
2026-01-20 17:05:04,187 [DEBUG] [MainThread] [qasync._windows._IocpProactor/_windows.py:78]: Closing
2026-01-20 17:05:06,997 [INFO] [MainThread] [root/log.py:69]: YASB v1.8.6
2026-01-20 17:05:06,999 [INFO] [Thread-1 (_run_server)] [cli_server/cli_server.py:212]: CLI server started v1.1.4
2026-01-20 17:05:07,000 [INFO] [MainThread] [cli_server/cli_server.py:104]: Log pipe server started
2026-01-20 17:05:10,041 [INFO] [MainThread] [root/bar_manager.py:85]: Starting SystemEventListener...
2026-01-20 17:05:10,041 [INFO] [MainThread] [root/bar_manager.py:85]: Starting KomorebiEventListener...
2026-01-20 17:05:10,042 [INFO] [MainThread] [root/watcher.py:54]: Created file watcher for path C:\Users\pspra\.config\yasb
2026-01-20 17:05:10,140 [INFO] [Dummy-5] [root/event_listener.py:51]: Created named pipe yasb-13bc482f-f5f4-11f0-9e34-c035320973e6
2026-01-20 17:05:10,272 [INFO] [MainThread] [root/update_service.py:409]: Background update checker started
2026-01-20 17:05:10,272 [DEBUG] [MainThread] [qasync._windows._EventPoller/_windows.py:215]: Starting (proactor: <_IocpProactor overlapped#=0 result#=0>)...
2026-01-20 17:05:10,274 [DEBUG] [Dummy-8] [qasync._windows._EventWorker/_windows.py:195]: Thread started
2026-01-20 17:05:10,348 [INFO] [Dummy-5] [root/event_listener.py:125]: Komorebi connected to named pipe: yasb-13bc482f-f5f4-11f0-9e34-c035320973e6
2026-01-20 17:05:10,815 [INFO] [MainThread] [root/api.py:69]: Fetching new weather data at 2026-01-20 17:05:10.815107
2026-01-20 17:15:10,000 [INFO] [MainThread] [root/api.py:69]: Fetching new weather data at 2026-01-20 17:15:10.000350
2026-01-20 17:25:10,161 [INFO] [MainThread] [root/api.py:69]: Fetching new weather data at 2026-01-20 17:25:10.161397
2026-01-20 17:28:37,792 [INFO] [MainThread] [root/controller.py:15]: Reloading Application because of config change.
2026-01-20 17:28:37,897 [INFO] [MainThread] [cli_server/cli_server.py:112]: Log pipe server stopped
2026-01-20 17:28:37,897 [DEBUG] [MainThread] [cli_server/cli_server.py:206]: CLI server stopped
2026-01-20 17:28:37,906 [INFO] [MainThread] [root/bar_manager.py:76]: Successfully loaded updated config and re-initialised all bars.
2026-01-20 17:28:38,149 [INFO] [MainThread] [root/bar_manager.py:92]: Stopping SystemEventListener...
2026-01-20 17:28:38,150 [INFO] [MainThread] [root/bar_manager.py:92]: Stopping KomorebiEventListener...
2026-01-20 17:28:38,160 [DEBUG] [MainThread] [qasync._windows._EventPoller/_windows.py:220]: Stopping worker thread...
2026-01-20 17:28:38,166 [DEBUG] [Dummy-8] [qasync._windows._EventWorker/_windows.py:204]: Exiting thread
2026-01-20 17:28:38,169 [INFO] [Dummy-5] [root/event_listener.py:92]: Attempting to reconnect to Komorebi...
2026-01-20 17:28:38,178 [DEBUG] [MainThread] [qasync._windows._IocpProactor/_windows.py:78]: Closing
2026-01-20 17:28:38,624 [INFO] [MainThread] [root/log.py:69]: YASB v1.8.6
2026-01-20 17:28:38,626 [INFO] [Thread-1 (_run_server)] [cli_server/cli_server.py:212]: CLI server started v1.1.4
2026-01-20 17:28:38,627 [INFO] [MainThread] [cli_server/cli_server.py:104]: Log pipe server started
2026-01-20 17:28:40,570 [INFO] [MainThread] [root/service.py:48]: AudioOutputService starting...
2026-01-20 17:28:40,867 [INFO] [MainThread] [root/api.py:60]: GitHubDataManager started...
2026-01-20 17:28:41,476 [INFO] [MainThread] [root/bar_manager.py:85]: Starting KomorebiEventListener...
2026-01-20 17:28:41,476 [INFO] [MainThread] [root/bar_manager.py:85]: Starting SystemEventListener...
2026-01-20 17:28:41,477 [INFO] [MainThread] [root/watcher.py:54]: Created file watcher for path C:\Users\pspra\.config\yasb
2026-01-20 17:28:41,560 [INFO] [Dummy-5] [root/event_listener.py:51]: Created named pipe yasb-5d042b39-f5f7-11f0-9b41-c035320973e6
2026-01-20 17:28:41,610 [INFO] [MainThread] [root/update_service.py:409]: Background update checker started
2026-01-20 17:28:41,611 [DEBUG] [MainThread] [qasync._windows._EventPoller/_windows.py:215]: Starting (proactor: <_IocpProactor overlapped#=0 result#=0>)...
2026-01-20 17:28:41,612 [DEBUG] [Dummy-8] [qasync._windows._EventWorker/_windows.py:195]: Thread started
2026-01-20 17:28:41,708 [INFO] [Dummy-5] [root/event_listener.py:125]: Komorebi connected to named pipe: yasb-5d042b39-f5f7-11f0-9b41-c035320973e6
2026-01-20 17:28:42,309 [INFO] [MainThread] [root/api.py:69]: Fetching new weather data at 2026-01-20 17:28:42.309638
2026-01-20 17:28:49,496 [DEBUG] [MainThread] [root/win32_accent.py:123]: Failed to apply settings: invalid literal for int() with base 16: ''
2026-01-20 17:28:53,012 [ERROR] [MainThread] [root/base.py:88]: Failed to execute callback of type 'toggle_group' with args: []
Traceback (most recent call last):
  File "D:\a\yasb\yasb\src\core\widgets\base.py", line 86, in _run_callback
  File "D:\a\yasb\yasb\src\core\widgets\yasb\disk.py", line 108, in _toggle_group
  File "D:\a\yasb\yasb\src\core\widgets\yasb\disk.py", line 180, in show_group_label
  File "D:\a\yasb\yasb\src\core\widgets\yasb\disk.py", line 260, in _get_space
  File "D:\a\yasb\yasb\venv\Lib\site-packages\psutil\__init__.py", line 2064, in disk_usage
  File "D:\a\yasb\yasb\venv\Lib\site-packages\psutil\_pswindows.py", line 268, in disk_usage
PermissionError: [WinError 21] The device is not ready: 'E:\\'
2026-01-20 17:30:01,372 [INFO] [MainThread] [root/controller.py:15]: Reloading Application because of config change.
2026-01-20 17:30:01,476 [INFO] [MainThread] [cli_server/cli_server.py:112]: Log pipe server stopped
2026-01-20 17:30:01,476 [DEBUG] [MainThread] [cli_server/cli_server.py:206]: CLI server stopped
2026-01-20 17:30:01,479 [INFO] [MainThread] [root/bar_manager.py:76]: Successfully loaded updated config and re-initialised all bars.
2026-01-20 17:30:01,731 [INFO] [MainThread] [root/bar_manager.py:92]: Stopping KomorebiEventListener...
2026-01-20 17:30:01,731 [INFO] [MainThread] [root/bar_manager.py:92]: Stopping SystemEventListener...
2026-01-20 17:30:01,758 [INFO] [Dummy-5] [root/event_listener.py:92]: Attempting to reconnect to Komorebi...
2026-01-20 17:30:01,767 [DEBUG] [MainThread] [qasync._windows._EventPoller/_windows.py:220]: Stopping worker thread...
2026-01-20 17:30:01,779 [DEBUG] [Dummy-8] [qasync._windows._EventWorker/_windows.py:204]: Exiting thread
2026-01-20 17:30:01,786 [DEBUG] [MainThread] [qasync._windows._IocpProactor/_windows.py:78]: Closing
2026-01-20 17:30:02,235 [INFO] [MainThread] [root/log.py:69]: YASB v1.8.6
2026-01-20 17:30:02,239 [INFO] [Thread-1 (_run_server)] [cli_server/cli_server.py:212]: CLI server started v1.1.4
2026-01-20 17:30:02,240 [INFO] [MainThread] [cli_server/cli_server.py:104]: Log pipe server started
2026-01-20 17:30:03,943 [INFO] [MainThread] [root/service.py:48]: AudioOutputService starting...
2026-01-20 17:30:04,272 [INFO] [MainThread] [root/api.py:60]: GitHubDataManager started...
2026-01-20 17:30:04,935 [INFO] [MainThread] [root/bar_manager.py:85]: Starting SystemEventListener...
2026-01-20 17:30:04,936 [INFO] [MainThread] [root/bar_manager.py:85]: Starting KomorebiEventListener...
2026-01-20 17:30:04,936 [INFO] [MainThread] [root/watcher.py:54]: Created file watcher for path C:\Users\pspra\.config\yasb
2026-01-20 17:30:04,991 [INFO] [Dummy-5] [root/event_listener.py:51]: Created named pipe yasb-8ec31d59-f5f7-11f0-9305-c035320973e6
2026-01-20 17:30:05,045 [INFO] [MainThread] [root/update_service.py:409]: Background update checker started
2026-01-20 17:30:05,046 [DEBUG] [MainThread] [qasync._windows._EventPoller/_windows.py:215]: Starting (proactor: <_IocpProactor overlapped#=0 result#=0>)...
2026-01-20 17:30:05,050 [DEBUG] [Dummy-8] [qasync._windows._EventWorker/_windows.py:195]: Thread started
2026-01-20 17:30:05,133 [INFO] [Dummy-5] [root/event_listener.py:125]: Komorebi connected to named pipe: yasb-8ec31d59-f5f7-11f0-9305-c035320973e6
2026-01-20 17:30:05,512 [ERROR] [MainThread] [root/api.py:82]: Weather API invalid JSON response: Expecting value: line 1 column 1 (char 0)
2026-01-20 17:30:05,512 [WARNING] [MainThread] [root/weather.py:594]: Error processing weather data: Weather data is empty.. Retrying fetch in 10 seconds.
2026-01-20 17:30:05,513 [WARNING] [MainThread] [root/weather.py:594]: Error processing weather data: Weather data is empty.. Retrying fetch in 10 seconds.
2026-01-20 17:30:15,690 [ERROR] [MainThread] [root/api.py:82]: Weather API invalid JSON response: Expecting value: line 1 column 1 (char 0)
2026-01-20 17:30:15,690 [WARNING] [MainThread] [root/weather.py:594]: Error processing weather data: Weather data is empty.. Retrying fetch in 10 seconds.
2026-01-20 17:30:15,690 [WARNING] [MainThread] [root/weather.py:594]: Error processing weather data: Weather data is empty.. Retrying fetch in 10 seconds.
2026-01-20 17:30:15,844 [ERROR] [MainThread] [root/api.py:82]: Weather API invalid JSON response: Expecting value: line 1 column 1 (char 0)
2026-01-20 17:30:25,863 [INFO] [MainThread] [root/controller.py:15]: Reloading Application because of config change.
2026-01-20 17:30:25,972 [INFO] [MainThread] [cli_server/cli_server.py:112]: Log pipe server stopped
2026-01-20 17:30:25,972 [DEBUG] [MainThread] [cli_server/cli_server.py:206]: CLI server stopped
2026-01-20 17:30:25,976 [INFO] [MainThread] [root/bar_manager.py:76]: Successfully loaded updated config and re-initialised all bars.
2026-01-20 17:30:26,213 [INFO] [MainThread] [root/bar_manager.py:92]: Stopping SystemEventListener...
2026-01-20 17:30:26,213 [INFO] [MainThread] [root/bar_manager.py:92]: Stopping KomorebiEventListener...
2026-01-20 17:30:26,234 [DEBUG] [MainThread] [qasync._windows._EventPoller/_windows.py:220]: Stopping worker thread...
2026-01-20 17:30:26,242 [DEBUG] [Dummy-8] [qasync._windows._EventWorker/_windows.py:204]: Exiting thread
2026-01-20 17:30:26,245 [DEBUG] [MainThread] [qasync._windows._IocpProactor/_windows.py:78]: Closing
2026-01-20 17:30:26,260 [INFO] [Dummy-5] [root/event_listener.py:92]: Attempting to reconnect to Komorebi...
2026-01-20 17:30:26,688 [INFO] [MainThread] [root/log.py:69]: YASB v1.8.6
2026-01-20 17:30:26,690 [INFO] [Thread-1 (_run_server)] [cli_server/cli_server.py:212]: CLI server started v1.1.4
2026-01-20 17:30:26,691 [INFO] [MainThread] [cli_server/cli_server.py:104]: Log pipe server started
2026-01-20 17:30:27,785 [INFO] [MainThread] [root/service.py:48]: AudioOutputService starting...
2026-01-20 17:30:29,406 [INFO] [MainThread] [root/bar_manager.py:85]: Starting SystemEventListener...
2026-01-20 17:30:29,406 [INFO] [MainThread] [root/bar_manager.py:85]: Starting KomorebiEventListener...
2026-01-20 17:30:29,407 [INFO] [MainThread] [root/watcher.py:54]: Created file watcher for path C:\Users\pspra\.config\yasb
2026-01-20 17:30:29,459 [INFO] [Dummy-5] [root/event_listener.py:51]: Created named pipe yasb-9d590fe1-f5f7-11f0-aa84-c035320973e6
2026-01-20 17:30:29,568 [INFO] [MainThread] [root/update_service.py:409]: Background update checker started
2026-01-20 17:30:29,569 [DEBUG] [MainThread] [qasync._windows._EventPoller/_windows.py:215]: Starting (proactor: <_IocpProactor overlapped#=0 result#=0>)...
2026-01-20 17:30:29,630 [DEBUG] [Dummy-8] [qasync._windows._EventWorker/_windows.py:195]: Thread started
2026-01-20 17:30:29,686 [INFO] [Dummy-5] [root/event_listener.py:125]: Komorebi connected to named pipe: yasb-9d590fe1-f5f7-11f0-aa84-c035320973e6
2026-01-20 17:30:30,165 [ERROR] [MainThread] [root/api.py:82]: Weather API invalid JSON response: Expecting value: line 1 column 1 (char 0)
2026-01-20 17:30:30,166 [WARNING] [MainThread] [root/weather.py:594]: Error processing weather data: Weather data is empty.. Retrying fetch in 10 seconds.
2026-01-20 17:30:30,171 [WARNING] [MainThread] [root/weather.py:594]: Error processing weather data: Weather data is empty.. Retrying fetch in 10 seconds.
2026-01-20 17:30:40,419 [ERROR] [MainThread] [root/api.py:82]: Weather API invalid JSON response: Expecting value: line 1 column 1 (char 0)
2026-01-20 17:30:40,419 [WARNING] [MainThread] [root/weather.py:594]: Error processing weather data: Weather data is empty.. Retrying fetch in 10 seconds.
2026-01-20 17:30:40,420 [WARNING] [MainThread] [root/weather.py:594]: Error processing weather data: Weather data is empty.. Retrying fetch in 10 seconds.
2026-01-20 17:30:41,167 [ERROR] [MainThread] [root/api.py:82]: Weather API invalid JSON response: Expecting value: line 1 column 1 (char 0)
2026-01-20 17:30:50,581 [ERROR] [MainThread] [root/api.py:82]: Weather API invalid JSON response: Expecting value: line 1 column 1 (char 0)
2026-01-20 17:30:50,582 [WARNING] [MainThread] [root/weather.py:594]: Error processing weather data: Weather data is empty.. Retrying fetch in 10 seconds.
2026-01-20 17:30:50,582 [WARNING] [MainThread] [root/weather.py:594]: Error processing weather data: Weather data is empty.. Retrying fetch in 10 seconds.
2026-01-20 17:30:51,714 [ERROR] [MainThread] [root/api.py:82]: Weather API invalid JSON response: Expecting value: line 1 column 1 (char 0)
2026-01-20 17:31:00,747 [ERROR] [MainThread] [root/api.py:82]: Weather API invalid JSON response: Expecting value: line 1 column 1 (char 0)
2026-01-20 17:31:00,747 [WARNING] [MainThread] [root/weather.py:594]: Error processing weather data: Weather data is empty.. Retrying fetch in 10 seconds.
2026-01-20 17:31:00,747 [WARNING] [MainThread] [root/weather.py:594]: Error processing weather data: Weather data is empty.. Retrying fetch in 10 seconds.
2026-01-20 17:31:00,843 [ERROR] [MainThread] [root/api.py:82]: Weather API invalid JSON response: Expecting value: line 1 column 1 (char 0)
2026-01-20 17:31:05,913 [INFO] [MainThread] [root/controller.py:15]: Reloading Application because of config change.
2026-01-20 17:31:06,022 [INFO] [MainThread] [cli_server/cli_server.py:112]: Log pipe server stopped
2026-01-20 17:31:06,023 [DEBUG] [MainThread] [cli_server/cli_server.py:206]: CLI server stopped
2026-01-20 17:31:06,030 [INFO] [MainThread] [root/bar_manager.py:76]: Successfully loaded updated config and re-initialised all bars.
2026-01-20 17:31:06,273 [INFO] [MainThread] [root/bar_manager.py:92]: Stopping SystemEventListener...
2026-01-20 17:31:06,273 [INFO] [MainThread] [root/bar_manager.py:92]: Stopping KomorebiEventListener...
2026-01-20 17:31:06,282 [INFO] [Dummy-5] [root/event_listener.py:92]: Attempting to reconnect to Komorebi...
2026-01-20 17:31:06,297 [DEBUG] [MainThread] [qasync._windows._EventPoller/_windows.py:220]: Stopping worker thread...
2026-01-20 17:31:06,303 [DEBUG] [Dummy-8] [qasync._windows._EventWorker/_windows.py:204]: Exiting thread
2026-01-20 17:31:06,307 [DEBUG] [MainThread] [qasync._windows._IocpProactor/_windows.py:78]: Closing
2026-01-20 17:31:06,772 [INFO] [MainThread] [root/log.py:69]: YASB v1.8.6
2026-01-20 17:31:06,774 [INFO] [Thread-1 (_run_server)] [cli_server/cli_server.py:212]: CLI server started v1.1.4
2026-01-20 17:31:06,775 [INFO] [MainThread] [cli_server/cli_server.py:104]: Log pipe server started
2026-01-20 17:31:07,710 [INFO] [MainThread] [root/service.py:48]: AudioOutputService starting...
2026-01-20 17:31:09,071 [INFO] [MainThread] [root/bar_manager.py:85]: Starting KomorebiEventListener...
2026-01-20 17:31:09,071 [INFO] [MainThread] [root/bar_manager.py:85]: Starting SystemEventListener...
2026-01-20 17:31:09,073 [INFO] [MainThread] [root/watcher.py:54]: Created file watcher for path C:\Users\pspra\.config\yasb
2026-01-20 17:31:09,157 [INFO] [Dummy-5] [root/event_listener.py:51]: Created named pipe yasb-b4fd5fa2-f5f7-11f0-8ba9-c035320973e6
2026-01-20 17:31:09,177 [INFO] [MainThread] [root/update_service.py:409]: Background update checker started
2026-01-20 17:31:09,178 [DEBUG] [MainThread] [qasync._windows._EventPoller/_windows.py:215]: Starting (proactor: <_IocpProactor overlapped#=0 result#=0>)...
2026-01-20 17:31:09,179 [DEBUG] [Dummy-8] [qasync._windows._EventWorker/_windows.py:195]: Thread started
2026-01-20 17:31:09,341 [INFO] [Dummy-5] [root/event_listener.py:125]: Komorebi connected to named pipe: yasb-b4fd5fa2-f5f7-11f0-8ba9-c035320973e6
2026-01-20 17:31:09,724 [ERROR] [MainThread] [root/api.py:82]: Weather API invalid JSON response: Expecting value: line 1 column 1 (char 0)
2026-01-20 17:31:09,724 [WARNING] [MainThread] [root/weather.py:594]: Error processing weather data: Weather data is empty.. Retrying fetch in 10 seconds.
2026-01-20 17:31:09,727 [WARNING] [MainThread] [root/weather.py:594]: Error processing weather data: Weather data is empty.. Retrying fetch in 10 seconds.
2026-01-20 17:31:19,966 [ERROR] [MainThread] [root/api.py:82]: Weather API invalid JSON response: Expecting value: line 1 column 1 (char 0)
2026-01-20 17:31:19,966 [WARNING] [MainThread] [root/weather.py:594]: Error processing weather data: Weather data is empty.. Retrying fetch in 10 seconds.
2026-01-20 17:31:19,966 [WARNING] [MainThread] [root/weather.py:594]: Error processing weather data: Weather data is empty.. Retrying fetch in 10 seconds.
2026-01-20 17:31:20,202 [ERROR] [MainThread] [root/api.py:82]: Weather API invalid JSON response: Expecting value: line 1 column 1 (char 0)
2026-01-20 17:31:30,217 [ERROR] [MainThread] [root/api.py:82]: Weather API invalid JSON response: Expecting value: line 1 column 1 (char 0)
2026-01-20 17:31:30,217 [WARNING] [MainThread] [root/weather.py:594]: Error processing weather data: Weather data is empty.. Retrying fetch in 10 seconds.
2026-01-20 17:31:30,217 [WARNING] [MainThread] [root/weather.py:594]: Error processing weather data: Weather data is empty.. Retrying fetch in 10 seconds.
2026-01-20 17:31:30,228 [ERROR] [MainThread] [root/api.py:82]: Weather API invalid JSON response: Expecting value: line 1 column 1 (char 0)
2026-01-20 17:31:40,496 [ERROR] [MainThread] [root/api.py:82]: Weather API invalid JSON response: Expecting value: line 1 column 1 (char 0)
2026-01-20 17:31:40,496 [WARNING] [MainThread] [root/weather.py:594]: Error processing weather data: Weather data is empty.. Retrying fetch in 10 seconds.
2026-01-20 17:31:40,497 [WARNING] [MainThread] [root/weather.py:594]: Error processing weather data: Weather data is empty.. Retrying fetch in 10 seconds.
2026-01-20 17:31:40,790 [ERROR] [MainThread] [root/api.py:82]: Weather API invalid JSON response: Expecting value: line 1 column 1 (char 0)
2026-01-20 17:31:50,753 [ERROR] [MainThread] [root/api.py:82]: Weather API invalid JSON response: Expecting value: line 1 column 1 (char 0)
2026-01-20 17:31:50,753 [WARNING] [MainThread] [root/weather.py:594]: Error processing weather data: Weather data is empty.. Retrying fetch in 10 seconds.
2026-01-20 17:31:50,754 [WARNING] [MainThread] [root/weather.py:594]: Error processing weather data: Weather data is empty.. Retrying fetch in 10 seconds.
2026-01-20 17:31:50,758 [ERROR] [MainThread] [root/api.py:82]: Weather API invalid JSON response: Expecting value: line 1 column 1 (char 0)
2026-01-20 17:32:01,898 [ERROR] [MainThread] [root/api.py:82]: Weather API invalid JSON response: Expecting value: line 1 column 1 (char 0)
2026-01-20 17:32:01,898 [WARNING] [MainThread] [root/weather.py:594]: Error processing weather data: Weather data is empty.. Retrying fetch in 10 seconds.
2026-01-20 17:32:01,899 [WARNING] [MainThread] [root/weather.py:594]: Error processing weather data: Weather data is empty.. Retrying fetch in 10 seconds.
2026-01-20 17:32:02,594 [ERROR] [MainThread] [root/api.py:82]: Weather API invalid JSON response: Expecting value: line 1 column 1 (char 0)
2026-01-20 17:32:02,961 [INFO] [MainThread] [root/controller.py:15]: Reloading Application because of config change.
2026-01-20 17:32:03,062 [INFO] [MainThread] [cli_server/cli_server.py:112]: Log pipe server stopped
2026-01-20 17:32:03,063 [DEBUG] [MainThread] [cli_server/cli_server.py:206]: CLI server stopped
2026-01-20 17:32:03,072 [INFO] [MainThread] [root/bar_manager.py:76]: Successfully loaded updated config and re-initialised all bars.
2026-01-20 17:32:03,275 [INFO] [MainThread] [root/bar_manager.py:92]: Stopping KomorebiEventListener...
2026-01-20 17:32:03,275 [INFO] [MainThread] [root/bar_manager.py:92]: Stopping SystemEventListener...
2026-01-20 17:32:03,301 [DEBUG] [MainThread] [qasync._windows._EventPoller/_windows.py:220]: Stopping worker thread...
2026-01-20 17:32:03,315 [DEBUG] [Dummy-8] [qasync._windows._EventWorker/_windows.py:204]: Exiting thread
2026-01-20 17:32:03,315 [INFO] [Dummy-5] [root/event_listener.py:92]: Attempting to reconnect to Komorebi...
2026-01-20 17:32:03,321 [DEBUG] [MainThread] [qasync._windows._IocpProactor/_windows.py:78]: Closing
2026-01-20 17:32:03,853 [INFO] [MainThread] [root/log.py:69]: YASB v1.8.6
2026-01-20 17:32:03,856 [INFO] [Thread-1 (_run_server)] [cli_server/cli_server.py:212]: CLI server started v1.1.4
2026-01-20 17:32:03,857 [INFO] [MainThread] [cli_server/cli_server.py:104]: Log pipe server started
2026-01-20 17:32:05,532 [INFO] [MainThread] [root/service.py:48]: AudioOutputService starting...
2026-01-20 17:32:05,823 [INFO] [MainThread] [root/api.py:60]: GitHubDataManager started...
2026-01-20 17:32:06,434 [INFO] [MainThread] [root/bar_manager.py:85]: Starting SystemEventListener...
2026-01-20 17:32:06,435 [INFO] [MainThread] [root/bar_manager.py:85]: Starting KomorebiEventListener...
2026-01-20 17:32:06,435 [INFO] [MainThread] [root/watcher.py:54]: Created file watcher for path C:\Users\pspra\.config\yasb
2026-01-20 17:32:06,515 [INFO] [Dummy-5] [root/event_listener.py:51]: Created named pipe yasb-d72e5ed5-f5f7-11f0-a848-c035320973e6
2026-01-20 17:32:06,567 [INFO] [MainThread] [root/update_service.py:409]: Background update checker started
2026-01-20 17:32:06,567 [DEBUG] [MainThread] [qasync._windows._EventPoller/_windows.py:215]: Starting (proactor: <_IocpProactor overlapped#=0 result#=0>)...
2026-01-20 17:32:06,568 [DEBUG] [Dummy-8] [qasync._windows._EventWorker/_windows.py:195]: Thread started
2026-01-20 17:32:06,752 [INFO] [Dummy-5] [root/event_listener.py:125]: Komorebi connected to named pipe: yasb-d72e5ed5-f5f7-11f0-a848-c035320973e6
2026-01-20 17:32:07,042 [INFO] [MainThread] [root/api.py:69]: Fetching new weather data at 2026-01-20 17:32:07.042702
2026-01-20 17:34:12,903 [INFO] [MainThread] [root/controller.py:15]: Reloading Bar from context menu...
2026-01-20 17:34:13,018 [INFO] [MainThread] [cli_server/cli_server.py:112]: Log pipe server stopped
2026-01-20 17:34:13,018 [DEBUG] [MainThread] [cli_server/cli_server.py:206]: CLI server stopped
2026-01-20 17:34:13,271 [INFO] [MainThread] [root/bar_manager.py:92]: Stopping SystemEventListener...
2026-01-20 17:34:13,272 [INFO] [MainThread] [root/bar_manager.py:92]: Stopping KomorebiEventListener...
2026-01-20 17:34:13,283 [INFO] [Dummy-5] [root/event_listener.py:92]: Attempting to reconnect to Komorebi...
2026-01-20 17:34:13,285 [DEBUG] [MainThread] [qasync._windows._EventPoller/_windows.py:220]: Stopping worker thread...
2026-01-20 17:34:13,297 [DEBUG] [Dummy-8] [qasync._windows._EventWorker/_windows.py:204]: Exiting thread
2026-01-20 17:34:13,328 [DEBUG] [MainThread] [qasync._windows._IocpProactor/_windows.py:78]: Closing
2026-01-20 17:34:13,690 [INFO] [MainThread] [root/log.py:69]: YASB v1.8.6
2026-01-20 17:34:13,692 [INFO] [Thread-1 (_run_server)] [cli_server/cli_server.py:212]: CLI server started v1.1.4
2026-01-20 17:34:13,693 [INFO] [MainThread] [cli_server/cli_server.py:104]: Log pipe server started
2026-01-20 17:34:15,537 [INFO] [MainThread] [root/service.py:48]: AudioOutputService starting...
2026-01-20 17:34:15,877 [INFO] [MainThread] [root/api.py:60]: GitHubDataManager started...
2026-01-20 17:34:16,599 [INFO] [MainThread] [root/bar_manager.py:85]: Starting KomorebiEventListener...
2026-01-20 17:34:16,599 [INFO] [MainThread] [root/bar_manager.py:85]: Starting SystemEventListener...
2026-01-20 17:34:16,600 [INFO] [MainThread] [root/watcher.py:54]: Created file watcher for path C:\Users\pspra\.config\yasb
2026-01-20 17:34:16,709 [INFO] [Dummy-7] [root/event_listener.py:51]: Created named pipe yasb-24c3d1d8-f5f8-11f0-97cb-c035320973e6
2026-01-20 17:34:16,781 [INFO] [MainThread] [root/update_service.py:409]: Background update checker started
2026-01-20 17:34:16,781 [DEBUG] [MainThread] [qasync._windows._EventPoller/_windows.py:215]: Starting (proactor: <_IocpProactor overlapped#=0 result#=0>)...
2026-01-20 17:34:16,784 [DEBUG] [Dummy-10] [qasync._windows._EventWorker/_windows.py:195]: Thread started
2026-01-20 17:34:16,844 [INFO] [Dummy-7] [root/event_listener.py:125]: Komorebi connected to named pipe: yasb-24c3d1d8-f5f8-11f0-97cb-c035320973e6
2026-01-20 17:34:17,320 [INFO] [MainThread] [root/api.py:69]: Fetching new weather data at 2026-01-20 17:34:17.320410
2026-01-20 17:36:27,895 [INFO] [MainThread] [root/controller.py:15]: Reloading Application because of config change.
2026-01-20 17:36:28,017 [INFO] [MainThread] [cli_server/cli_server.py:112]: Log pipe server stopped
2026-01-20 17:36:28,018 [DEBUG] [MainThread] [cli_server/cli_server.py:206]: CLI server stopped
2026-01-20 17:36:28,029 [INFO] [MainThread] [root/bar_manager.py:76]: Successfully loaded updated config and re-initialised all bars.
2026-01-20 17:36:28,297 [INFO] [MainThread] [root/bar_manager.py:92]: Stopping KomorebiEventListener...
2026-01-20 17:36:28,297 [INFO] [MainThread] [root/bar_manager.py:92]: Stopping SystemEventListener...
2026-01-20 17:36:28,303 [INFO] [Dummy-7] [root/event_listener.py:92]: Attempting to reconnect to Komorebi...
2026-01-20 17:36:28,328 [DEBUG] [MainThread] [qasync._windows._EventPoller/_windows.py:220]: Stopping worker thread...
2026-01-20 17:36:28,332 [DEBUG] [Dummy-10] [qasync._windows._EventWorker/_windows.py:204]: Exiting thread
2026-01-20 17:36:28,336 [DEBUG] [MainThread] [qasync._windows._IocpProactor/_windows.py:78]: Closing
2026-01-20 17:36:28,631 [INFO] [MainThread] [root/log.py:69]: YASB v1.8.6
2026-01-20 17:36:28,633 [INFO] [Thread-1 (_run_server)] [cli_server/cli_server.py:212]: CLI server started v1.1.4
2026-01-20 17:36:28,634 [INFO] [MainThread] [cli_server/cli_server.py:104]: Log pipe server started
2026-01-20 17:36:31,212 [INFO] [MainThread] [root/service.py:48]: AudioOutputService starting...
2026-01-20 17:36:31,767 [INFO] [MainThread] [root/bar_manager.py:85]: Starting SystemEventListener...
2026-01-20 17:36:31,767 [INFO] [MainThread] [root/bar_manager.py:85]: Starting KomorebiEventListener...
2026-01-20 17:36:31,768 [INFO] [MainThread] [root/watcher.py:54]: Created file watcher for path C:\Users\pspra\.config\yasb
2026-01-20 17:36:31,823 [INFO] [Dummy-9] [root/event_listener.py:51]: Created named pipe yasb-7554eab9-f5f8-11f0-800d-c035320973e6
2026-01-20 17:36:31,902 [INFO] [MainThread] [root/update_service.py:409]: Background update checker started
2026-01-20 17:36:31,903 [DEBUG] [MainThread] [qasync._windows._EventPoller/_windows.py:215]: Starting (proactor: <_IocpProactor overlapped#=0 result#=0>)...
2026-01-20 17:36:31,905 [DEBUG] [Dummy-12] [qasync._windows._EventWorker/_windows.py:195]: Thread started
2026-01-20 17:36:31,923 [DEBUG] [MainThread] [systray_widget/systray.py:526]: Loading state from C:\Users\pspra\AppData\Local\YASB\systray_state_AUOPTRONICSDISPLAY149573.json
2026-01-20 17:36:31,923 [DEBUG] [MainThread] [systray_widget/systray.py:536]: State file not found.
2026-01-20 17:36:31,925 [DEBUG] [SystrayMonitor] [systray_widget/systray.py:57]: Systray thread is starting...
2026-01-20 17:36:31,953 [DEBUG] [MainThread] [systray_widget/systray.py:526]: Loading state from C:\Users\pspra\AppData\Local\YASB\systray_state_KHP22F3CM0403HT8.json
2026-01-20 17:36:31,954 [DEBUG] [MainThread] [systray_widget/systray.py:536]: State file not found.
2026-01-20 17:36:31,987 [INFO] [Dummy-9] [root/event_listener.py:125]: Komorebi connected to named pipe: yasb-7554eab9-f5f8-11f0-800d-c035320973e6
2026-01-20 17:36:32,069 [DEBUG] [MainThread] [systray_widget/systray.py:277]: Systray thread started
2026-01-20 17:36:32,274 [DEBUG] [SystrayMonitor] [systray_widget/systray_monitor.py:164]: Adding TaskbandHWND prop to hwnd 2557868
2026-01-20 17:36:32,278 [DEBUG] [SystrayMonitor] [systray_widget/systray_monitor.py:242]: Finding real tray hwnd
2026-01-20 17:36:32,283 [DEBUG] [MainThread] [systray_widget/systray_monitor.py:157]: Sending TaskbarCreated message: 49322
2026-01-20 17:36:32,597 [INFO] [MainThread] [root/api.py:69]: Fetching new weather data at 2026-01-20 17:36:32.597207
2026-01-20 17:38:14,351 [DEBUG] [SystrayMonitor] [systray_widget/utils.py:124]: Could not open process ID 4656. Err: 5
2026-01-20 17:38:14,879 [DEBUG] [SystrayMonitor] [systray_widget/utils.py:124]: Could not open process ID 4656. Err: 5
2026-01-20 17:38:15,404 [DEBUG] [SystrayMonitor] [systray_widget/utils.py:124]: Could not open process ID 4656. Err: 5
2026-01-20 17:38:15,932 [DEBUG] [SystrayMonitor] [systray_widget/utils.py:124]: Could not open process ID 4656. Err: 5
2026-01-20 17:38:16,451 [DEBUG] [SystrayMonitor] [systray_widget/utils.py:124]: Could not open process ID 4656. Err: 5
2026-01-20 17:38:16,983 [DEBUG] [SystrayMonitor] [systray_widget/utils.py:124]: Could not open process ID 4656. Err: 5
2026-01-20 17:39:54,083 [DEBUG] [SystrayMonitor] [systray_widget/utils.py:124]: Could not open process ID 4656. Err: 5
2026-01-20 17:39:54,607 [DEBUG] [SystrayMonitor] [systray_widget/utils.py:124]: Could not open process ID 4656. Err: 5
2026-01-20 17:39:55,126 [DEBUG] [SystrayMonitor] [systray_widget/utils.py:124]: Could not open process ID 4656. Err: 5
2026-01-20 17:39:55,641 [DEBUG] [SystrayMonitor] [systray_widget/utils.py:124]: Could not open process ID 4656. Err: 5
2026-01-20 17:39:56,161 [DEBUG] [SystrayMonitor] [systray_widget/utils.py:124]: Could not open process ID 4656. Err: 5
2026-01-20 17:39:56,679 [DEBUG] [SystrayMonitor] [systray_widget/utils.py:124]: Could not open process ID 4656. Err: 5
2026-01-20 17:39:57,206 [DEBUG] [SystrayMonitor] [systray_widget/utils.py:124]: Could not open process ID 4656. Err: 5
2026-01-20 17:39:57,741 [DEBUG] [SystrayMonitor] [systray_widget/utils.py:124]: Could not open process ID 4656. Err: 5
2026-01-20 17:41:03,194 [INFO] [MainThread] [root/controller.py:15]: Reloading Bar from context menu...
2026-01-20 17:41:03,304 [INFO] [MainThread] [cli_server/cli_server.py:112]: Log pipe server stopped
2026-01-20 17:41:03,304 [DEBUG] [MainThread] [cli_server/cli_server.py:206]: CLI server stopped
2026-01-20 17:41:03,585 [INFO] [MainThread] [root/bar_manager.py:92]: Stopping SystemEventListener...
2026-01-20 17:41:03,586 [INFO] [MainThread] [root/bar_manager.py:92]: Stopping KomorebiEventListener...
2026-01-20 17:41:03,590 [DEBUG] [MainThread] [systray_widget/systray.py:504]: Saving state to disk
2026-01-20 17:41:03,591 [DEBUG] [MainThread] [systray_widget/systray.py:508]: Saving state to C:\Users\pspra\AppData\Local\YASB\systray_state_AUOPTRONICSDISPLAY149573.json
2026-01-20 17:41:03,592 [DEBUG] [MainThread] [systray_widget/systray.py:516]: State file not found.
2026-01-20 17:41:03,594 [DEBUG] [MainThread] [systray_widget/utils.py:96]: Destroying window 2557868
2026-01-20 17:41:03,595 [DEBUG] [MainThread] [systray_widget/systray.py:504]: Saving state to disk
2026-01-20 17:41:03,596 [DEBUG] [MainThread] [systray_widget/systray.py:508]: Saving state to C:\Users\pspra\AppData\Local\YASB\systray_state_KHP22F3CM0403HT8.json
2026-01-20 17:41:03,596 [DEBUG] [MainThread] [systray_widget/systray.py:516]: State file not found.
2026-01-20 17:41:03,597 [DEBUG] [MainThread] [systray_widget/utils.py:96]: Destroying window 2557868
2026-01-20 17:41:03,624 [DEBUG] [MainThread] [qasync._windows._EventPoller/_windows.py:220]: Stopping worker thread...
2026-01-20 17:41:03,630 [DEBUG] [Dummy-12] [qasync._windows._EventWorker/_windows.py:204]: Exiting thread
2026-01-20 17:41:03,635 [INFO] [Dummy-9] [root/event_listener.py:92]: Attempting to reconnect to Komorebi...
2026-01-20 17:41:03,636 [DEBUG] [MainThread] [qasync._windows._IocpProactor/_windows.py:78]: Closing
2026-01-20 17:41:03,715 [DEBUG] [MainThread] [systray_widget/utils.py:96]: Destroying window 2557868
2026-01-20 17:41:04,091 [INFO] [MainThread] [root/log.py:69]: YASB v1.8.6
2026-01-20 17:41:04,093 [INFO] [Thread-1 (_run_server)] [cli_server/cli_server.py:212]: CLI server started v1.1.4
2026-01-20 17:41:04,094 [INFO] [MainThread] [cli_server/cli_server.py:104]: Log pipe server started
2026-01-20 17:41:06,365 [INFO] [MainThread] [root/service.py:48]: AudioOutputService starting...
2026-01-20 17:41:06,884 [INFO] [MainThread] [root/bar_manager.py:85]: Starting SystemEventListener...
2026-01-20 17:41:06,885 [INFO] [MainThread] [root/bar_manager.py:85]: Starting KomorebiEventListener...
2026-01-20 17:41:06,885 [INFO] [MainThread] [root/watcher.py:54]: Created file watcher for path C:\Users\pspra\.config\yasb
2026-01-20 17:41:06,953 [INFO] [Dummy-9] [root/event_listener.py:51]: Created named pipe yasb-1950774b-f5f9-11f0-8585-c035320973e6
2026-01-20 17:41:07,015 [INFO] [MainThread] [root/update_service.py:409]: Background update checker started
2026-01-20 17:41:07,015 [DEBUG] [MainThread] [qasync._windows._EventPoller/_windows.py:215]: Starting (proactor: <_IocpProactor overlapped#=0 result#=0>)...
2026-01-20 17:41:07,023 [DEBUG] [Dummy-12] [qasync._windows._EventWorker/_windows.py:195]: Thread started
2026-01-20 17:41:07,037 [DEBUG] [MainThread] [systray_widget/systray.py:526]: Loading state from C:\Users\pspra\AppData\Local\YASB\systray_state_AUOPTRONICSDISPLAY149573.json
2026-01-20 17:41:07,039 [DEBUG] [SystrayMonitor] [systray_widget/systray.py:57]: Systray thread is starting...
2026-01-20 17:41:07,044 [DEBUG] [MainThread] [systray_widget/systray.py:526]: Loading state from C:\Users\pspra\AppData\Local\YASB\systray_state_KHP22F3CM0403HT8.json
2026-01-20 17:41:07,092 [INFO] [Dummy-9] [root/event_listener.py:125]: Komorebi connected to named pipe: yasb-1950774b-f5f9-11f0-8585-c035320973e6
2026-01-20 17:41:07,146 [DEBUG] [MainThread] [systray_widget/systray.py:277]: Systray thread started
2026-01-20 17:41:07,347 [DEBUG] [SystrayMonitor] [systray_widget/systray_monitor.py:164]: Adding TaskbandHWND prop to hwnd 526262
2026-01-20 17:41:07,350 [DEBUG] [SystrayMonitor] [systray_widget/systray_monitor.py:242]: Finding real tray hwnd
2026-01-20 17:41:07,354 [DEBUG] [MainThread] [systray_widget/systray_monitor.py:157]: Sending TaskbarCreated message: 49322
2026-01-20 17:41:07,773 [INFO] [MainThread] [root/api.py:69]: Fetching new weather data at 2026-01-20 17:41:07.773886
2026-01-20 17:44:55,627 [INFO] [MainThread] [root/controller.py:15]: Reloading Application because of config change.
2026-01-20 17:44:55,729 [INFO] [MainThread] [cli_server/cli_server.py:112]: Log pipe server stopped
2026-01-20 17:44:55,730 [DEBUG] [MainThread] [cli_server/cli_server.py:206]: CLI server stopped
2026-01-20 17:44:55,740 [INFO] [MainThread] [root/bar_manager.py:76]: Successfully loaded updated config and re-initialised all bars.
2026-01-20 17:44:55,953 [INFO] [MainThread] [root/bar_manager.py:92]: Stopping SystemEventListener...
2026-01-20 17:44:55,954 [INFO] [MainThread] [root/bar_manager.py:92]: Stopping KomorebiEventListener...
2026-01-20 17:44:55,956 [DEBUG] [MainThread] [systray_widget/systray.py:504]: Saving state to disk
2026-01-20 17:44:55,956 [DEBUG] [MainThread] [systray_widget/systray.py:508]: Saving state to C:\Users\pspra\AppData\Local\YASB\systray_state_AUOPTRONICSDISPLAY149573.json
2026-01-20 17:44:55,958 [DEBUG] [MainThread] [systray_widget/utils.py:96]: Destroying window 526262
2026-01-20 17:44:55,959 [DEBUG] [MainThread] [systray_widget/systray.py:504]: Saving state to disk
2026-01-20 17:44:55,960 [DEBUG] [MainThread] [systray_widget/systray.py:508]: Saving state to C:\Users\pspra\AppData\Local\YASB\systray_state_KHP22F3CM0403HT8.json
2026-01-20 17:44:55,961 [DEBUG] [MainThread] [systray_widget/utils.py:96]: Destroying window 526262
2026-01-20 17:44:55,976 [DEBUG] [MainThread] [qasync._windows._EventPoller/_windows.py:220]: Stopping worker thread...
2026-01-20 17:44:55,982 [INFO] [Dummy-9] [root/event_listener.py:92]: Attempting to reconnect to Komorebi...
2026-01-20 17:44:55,988 [DEBUG] [Dummy-12] [qasync._windows._EventWorker/_windows.py:204]: Exiting thread
2026-01-20 17:44:55,991 [DEBUG] [MainThread] [qasync._windows._IocpProactor/_windows.py:78]: Closing
2026-01-20 17:44:56,014 [DEBUG] [MainThread] [systray_widget/utils.py:96]: Destroying window 526262
2026-01-20 17:44:56,593 [INFO] [MainThread] [root/log.py:69]: YASB v1.8.6
2026-01-20 17:44:56,595 [INFO] [Thread-1 (_run_server)] [cli_server/cli_server.py:212]: CLI server started v1.1.4
2026-01-20 17:44:56,596 [INFO] [MainThread] [cli_server/cli_server.py:104]: Log pipe server started
2026-01-20 17:44:58,634 [INFO] [MainThread] [root/service.py:48]: AudioOutputService starting...
2026-01-20 17:44:59,147 [INFO] [MainThread] [root/bar_manager.py:85]: Starting KomorebiEventListener...
2026-01-20 17:44:59,148 [INFO] [MainThread] [root/bar_manager.py:85]: Starting SystemEventListener...
2026-01-20 17:44:59,148 [INFO] [MainThread] [root/watcher.py:54]: Created file watcher for path C:\Users\pspra\.config\yasb
2026-01-20 17:44:59,215 [INFO] [Dummy-9] [root/event_listener.py:51]: Created named pipe yasb-a3c0f3ba-f5f9-11f0-bb36-c035320973e6
2026-01-20 17:44:59,260 [INFO] [MainThread] [root/update_service.py:409]: Background update checker started
2026-01-20 17:44:59,260 [DEBUG] [MainThread] [qasync._windows._EventPoller/_windows.py:215]: Starting (proactor: <_IocpProactor overlapped#=0 result#=0>)...
2026-01-20 17:44:59,264 [DEBUG] [Dummy-12] [qasync._windows._EventWorker/_windows.py:195]: Thread started
2026-01-20 17:44:59,291 [DEBUG] [MainThread] [systray_widget/systray.py:526]: Loading state from C:\Users\pspra\AppData\Local\YASB\systray_state_AUOPTRONICSDISPLAY149573.json
2026-01-20 17:44:59,298 [DEBUG] [SystrayMonitor] [systray_widget/systray.py:57]: Systray thread is starting...
2026-01-20 17:44:59,304 [DEBUG] [MainThread] [systray_widget/systray.py:526]: Loading state from C:\Users\pspra\AppData\Local\YASB\systray_state_KHP22F3CM0403HT8.json
2026-01-20 17:44:59,359 [INFO] [Dummy-9] [root/event_listener.py:125]: Komorebi connected to named pipe: yasb-a3c0f3ba-f5f9-11f0-bb36-c035320973e6
2026-01-20 17:44:59,415 [DEBUG] [MainThread] [systray_widget/systray.py:277]: Systray thread started
2026-01-20 17:44:59,620 [DEBUG] [SystrayMonitor] [systray_widget/systray_monitor.py:164]: Adding TaskbandHWND prop to hwnd 788734
2026-01-20 17:44:59,630 [DEBUG] [SystrayMonitor] [systray_widget/systray_monitor.py:242]: Finding real tray hwnd
2026-01-20 17:44:59,637 [DEBUG] [MainThread] [systray_widget/systray_monitor.py:157]: Sending TaskbarCreated message: 49322
2026-01-20 17:44:59,714 [INFO] [MainThread] [root/api.py:69]: Fetching new weather data at 2026-01-20 17:44:59.714538
2026-01-20 17:45:18,588 [INFO] [MainThread] [root/controller.py:15]: Reloading Application because of config change.
2026-01-20 17:45:18,695 [INFO] [MainThread] [cli_server/cli_server.py:112]: Log pipe server stopped
2026-01-20 17:45:18,695 [DEBUG] [MainThread] [cli_server/cli_server.py:206]: CLI server stopped
2026-01-20 17:45:18,702 [INFO] [MainThread] [root/bar_manager.py:76]: Successfully loaded updated config and re-initialised all bars.
2026-01-20 17:45:18,866 [INFO] [MainThread] [root/bar_manager.py:92]: Stopping KomorebiEventListener...
2026-01-20 17:45:18,866 [INFO] [MainThread] [root/bar_manager.py:92]: Stopping SystemEventListener...
2026-01-20 17:45:18,881 [DEBUG] [MainThread] [systray_widget/systray.py:504]: Saving state to disk
2026-01-20 17:45:18,882 [DEBUG] [MainThread] [systray_widget/systray.py:508]: Saving state to C:\Users\pspra\AppData\Local\YASB\systray_state_AUOPTRONICSDISPLAY149573.json
2026-01-20 17:45:18,883 [DEBUG] [MainThread] [systray_widget/utils.py:96]: Destroying window 788734
2026-01-20 17:45:18,889 [DEBUG] [MainThread] [systray_widget/systray.py:504]: Saving state to disk
2026-01-20 17:45:18,890 [DEBUG] [MainThread] [systray_widget/systray.py:508]: Saving state to C:\Users\pspra\AppData\Local\YASB\systray_state_KHP22F3CM0403HT8.json
2026-01-20 17:45:18,892 [DEBUG] [MainThread] [systray_widget/utils.py:96]: Destroying window 788734
2026-01-20 17:45:18,911 [INFO] [Dummy-9] [root/event_listener.py:92]: Attempting to reconnect to Komorebi...
2026-01-20 17:45:18,979 [DEBUG] [MainThread] [qasync._windows._EventPoller/_windows.py:220]: Stopping worker thread...
2026-01-20 17:45:18,998 [DEBUG] [Dummy-12] [qasync._windows._EventWorker/_windows.py:204]: Exiting thread
2026-01-20 17:45:19,002 [DEBUG] [MainThread] [qasync._windows._IocpProactor/_windows.py:78]: Closing
2026-01-20 17:45:19,063 [DEBUG] [MainThread] [systray_widget/utils.py:96]: Destroying window 788734
2026-01-20 17:45:19,575 [INFO] [MainThread] [root/log.py:69]: YASB v1.8.6
2026-01-20 17:45:19,577 [INFO] [Thread-1 (_run_server)] [cli_server/cli_server.py:212]: CLI server started v1.1.4
2026-01-20 17:45:19,578 [INFO] [MainThread] [cli_server/cli_server.py:104]: Log pipe server started
2026-01-20 17:45:21,513 [INFO] [MainThread] [root/service.py:48]: AudioOutputService starting...
2026-01-20 17:45:21,940 [INFO] [MainThread] [root/bar_manager.py:85]: Starting KomorebiEventListener...
2026-01-20 17:45:21,940 [INFO] [MainThread] [root/bar_manager.py:85]: Starting SystemEventListener...
2026-01-20 17:45:21,941 [INFO] [MainThread] [root/watcher.py:54]: Created file watcher for path C:\Users\pspra\.config\yasb
2026-01-20 17:45:22,021 [INFO] [Dummy-5] [root/event_listener.py:51]: Created named pipe yasb-b156dc76-f5f9-11f0-a32b-c035320973e6
2026-01-20 17:45:22,121 [INFO] [MainThread] [root/update_service.py:409]: Background update checker started
2026-01-20 17:45:22,121 [DEBUG] [MainThread] [qasync._windows._EventPoller/_windows.py:215]: Starting (proactor: <_IocpProactor overlapped#=0 result#=0>)...
2026-01-20 17:45:22,123 [DEBUG] [Dummy-8] [qasync._windows._EventWorker/_windows.py:195]: Thread started
2026-01-20 17:45:22,147 [DEBUG] [MainThread] [systray_widget/systray.py:526]: Loading state from C:\Users\pspra\AppData\Local\YASB\systray_state_AUOPTRONICSDISPLAY149573.json
2026-01-20 17:45:22,154 [DEBUG] [SystrayMonitor] [systray_widget/systray.py:57]: Systray thread is starting...
2026-01-20 17:45:22,163 [DEBUG] [MainThread] [systray_widget/systray.py:526]: Loading state from C:\Users\pspra\AppData\Local\YASB\systray_state_KHP22F3CM0403HT8.json
2026-01-20 17:45:22,195 [INFO] [Dummy-5] [root/event_listener.py:125]: Komorebi connected to named pipe: yasb-b156dc76-f5f9-11f0-a32b-c035320973e6
2026-01-20 17:45:22,271 [DEBUG] [MainThread] [systray_widget/systray.py:277]: Systray thread started
2026-01-20 17:45:22,472 [DEBUG] [SystrayMonitor] [systray_widget/systray_monitor.py:164]: Adding TaskbandHWND prop to hwnd 395956
2026-01-20 17:45:22,476 [DEBUG] [SystrayMonitor] [systray_widget/systray_monitor.py:242]: Finding real tray hwnd
2026-01-20 17:45:22,481 [DEBUG] [MainThread] [systray_widget/systray_monitor.py:157]: Sending TaskbarCreated message: 49322
2026-01-20 17:45:22,948 [INFO] [MainThread] [root/api.py:69]: Fetching new weather data at 2026-01-20 17:45:22.948617
2026-01-20 17:45:48,636 [INFO] [MainThread] [root/controller.py:15]: Reloading Application because of config change.
2026-01-20 17:45:48,745 [INFO] [MainThread] [cli_server/cli_server.py:112]: Log pipe server stopped
2026-01-20 17:45:48,746 [DEBUG] [MainThread] [cli_server/cli_server.py:206]: CLI server stopped
2026-01-20 17:45:48,750 [INFO] [MainThread] [root/bar_manager.py:76]: Successfully loaded updated config and re-initialised all bars.
2026-01-20 17:45:48,901 [INFO] [MainThread] [root/bar_manager.py:92]: Stopping KomorebiEventListener...
2026-01-20 17:45:48,902 [INFO] [MainThread] [root/bar_manager.py:92]: Stopping SystemEventListener...
2026-01-20 17:45:48,906 [INFO] [Dummy-5] [root/event_listener.py:92]: Attempting to reconnect to Komorebi...
2026-01-20 17:45:48,908 [DEBUG] [MainThread] [systray_widget/systray.py:504]: Saving state to disk
2026-01-20 17:45:48,910 [DEBUG] [MainThread] [systray_widget/systray.py:508]: Saving state to C:\Users\pspra\AppData\Local\YASB\systray_state_AUOPTRONICSDISPLAY149573.json
2026-01-20 17:45:48,911 [DEBUG] [MainThread] [systray_widget/utils.py:96]: Destroying window 395956
2026-01-20 17:45:48,913 [DEBUG] [MainThread] [systray_widget/systray.py:504]: Saving state to disk
2026-01-20 17:45:48,914 [DEBUG] [MainThread] [systray_widget/systray.py:508]: Saving state to C:\Users\pspra\AppData\Local\YASB\systray_state_KHP22F3CM0403HT8.json
2026-01-20 17:45:48,916 [DEBUG] [MainThread] [systray_widget/utils.py:96]: Destroying window 395956
2026-01-20 17:45:48,983 [DEBUG] [MainThread] [qasync._windows._EventPoller/_windows.py:220]: Stopping worker thread...
2026-01-20 17:45:48,986 [DEBUG] [Dummy-8] [qasync._windows._EventWorker/_windows.py:204]: Exiting thread
2026-01-20 17:45:48,991 [DEBUG] [MainThread] [qasync._windows._IocpProactor/_windows.py:78]: Closing
2026-01-20 17:45:49,043 [DEBUG] [MainThread] [systray_widget/utils.py:96]: Destroying window 395956
2026-01-20 17:45:49,708 [INFO] [MainThread] [root/log.py:69]: YASB v1.8.6
2026-01-20 17:45:49,709 [INFO] [Thread-1 (_run_server)] [cli_server/cli_server.py:212]: CLI server started v1.1.4
2026-01-20 17:45:49,710 [INFO] [MainThread] [cli_server/cli_server.py:104]: Log pipe server started
2026-01-20 17:45:51,754 [INFO] [MainThread] [root/service.py:48]: AudioOutputService starting...
2026-01-20 17:45:52,287 [INFO] [MainThread] [root/bar_manager.py:85]: Starting SystemEventListener...
2026-01-20 17:45:52,287 [INFO] [MainThread] [root/bar_manager.py:85]: Starting KomorebiEventListener...
2026-01-20 17:45:52,288 [INFO] [MainThread] [root/watcher.py:54]: Created file watcher for path C:\Users\pspra\.config\yasb
2026-01-20 17:45:52,366 [INFO] [Dummy-5] [root/event_listener.py:51]: Created named pipe yasb-c36d705b-f5f9-11f0-ac54-c035320973e6
2026-01-20 17:45:52,413 [INFO] [MainThread] [root/update_service.py:409]: Background update checker started
2026-01-20 17:45:52,413 [DEBUG] [MainThread] [qasync._windows._EventPoller/_windows.py:215]: Starting (proactor: <_IocpProactor overlapped#=0 result#=0>)...
2026-01-20 17:45:52,418 [DEBUG] [Dummy-8] [qasync._windows._EventWorker/_windows.py:195]: Thread started
2026-01-20 17:45:52,442 [DEBUG] [MainThread] [systray_widget/systray.py:526]: Loading state from C:\Users\pspra\AppData\Local\YASB\systray_state_AUOPTRONICSDISPLAY149573.json
2026-01-20 17:45:52,453 [DEBUG] [SystrayMonitor] [systray_widget/systray.py:57]: Systray thread is starting...
2026-01-20 17:45:52,468 [DEBUG] [MainThread] [systray_widget/systray.py:526]: Loading state from C:\Users\pspra\AppData\Local\YASB\systray_state_KHP22F3CM0403HT8.json
2026-01-20 17:45:52,524 [INFO] [Dummy-5] [root/event_listener.py:125]: Komorebi connected to named pipe: yasb-c36d705b-f5f9-11f0-ac54-c035320973e6
2026-01-20 17:45:52,590 [DEBUG] [MainThread] [systray_widget/systray.py:277]: Systray thread started
2026-01-20 17:45:52,794 [DEBUG] [SystrayMonitor] [systray_widget/systray_monitor.py:164]: Adding TaskbandHWND prop to hwnd 1772170
2026-01-20 17:45:52,802 [DEBUG] [SystrayMonitor] [systray_widget/systray_monitor.py:242]: Finding real tray hwnd
2026-01-20 17:45:52,805 [DEBUG] [MainThread] [systray_widget/systray_monitor.py:157]: Sending TaskbarCreated message: 49322
2026-01-20 17:45:53,062 [INFO] [MainThread] [root/api.py:69]: Fetching new weather data at 2026-01-20 17:45:53.062746
2026-01-20 17:46:20,969 [DEBUG] [SystrayMonitor] [systray_widget/utils.py:124]: Could not open process ID 11552. Err: 5
2026-01-20 17:46:20,972 [DEBUG] [SystrayMonitor] [systray_widget/utils.py:124]: Could not open process ID 11552. Err: 5
2026-01-20 17:46:24,575 [DEBUG] [SystrayMonitor] [systray_widget/utils.py:124]: Could not open process ID 4656. Err: 5
2026-01-20 17:46:25,086 [DEBUG] [SystrayMonitor] [systray_widget/utils.py:124]: Could not open process ID 4656. Err: 5
2026-01-20 17:46:25,599 [DEBUG] [SystrayMonitor] [systray_widget/utils.py:124]: Could not open process ID 4656. Err: 5
2026-01-20 17:46:26,116 [DEBUG] [SystrayMonitor] [systray_widget/utils.py:124]: Could not open process ID 4656. Err: 5
2026-01-20 17:46:26,638 [DEBUG] [SystrayMonitor] [systray_widget/utils.py:124]: Could not open process ID 4656. Err: 5
2026-01-20 17:46:27,148 [DEBUG] [SystrayMonitor] [systray_widget/utils.py:124]: Could not open process ID 4656. Err: 5
2026-01-20 17:46:47,809 [INFO] [MainThread] [root/controller.py:15]: Reloading Application because of config change.
2026-01-20 17:46:47,916 [INFO] [MainThread] [cli_server/cli_server.py:112]: Log pipe server stopped
2026-01-20 17:46:47,917 [DEBUG] [MainThread] [cli_server/cli_server.py:206]: CLI server stopped
2026-01-20 17:46:47,921 [INFO] [MainThread] [root/bar_manager.py:76]: Successfully loaded updated config and re-initialised all bars.
2026-01-20 17:46:48,094 [INFO] [MainThread] [root/bar_manager.py:92]: Stopping SystemEventListener...
2026-01-20 17:46:48,095 [INFO] [MainThread] [root/bar_manager.py:92]: Stopping KomorebiEventListener...
2026-01-20 17:46:48,101 [DEBUG] [MainThread] [systray_widget/systray.py:504]: Saving state to disk
2026-01-20 17:46:48,103 [DEBUG] [MainThread] [systray_widget/systray.py:508]: Saving state to C:\Users\pspra\AppData\Local\YASB\systray_state_AUOPTRONICSDISPLAY149573.json
2026-01-20 17:46:48,104 [DEBUG] [MainThread] [systray_widget/utils.py:96]: Destroying window 1772170
2026-01-20 17:46:48,108 [DEBUG] [MainThread] [systray_widget/systray.py:504]: Saving state to disk
2026-01-20 17:46:48,108 [DEBUG] [MainThread] [systray_widget/systray.py:508]: Saving state to C:\Users\pspra\AppData\Local\YASB\systray_state_KHP22F3CM0403HT8.json
2026-01-20 17:46:48,109 [DEBUG] [MainThread] [systray_widget/utils.py:96]: Destroying window 1772170
2026-01-20 17:46:48,118 [INFO] [Dummy-5] [root/event_listener.py:92]: Attempting to reconnect to Komorebi...
2026-01-20 17:46:48,233 [DEBUG] [MainThread] [qasync._windows._EventPoller/_windows.py:220]: Stopping worker thread...
2026-01-20 17:46:48,241 [DEBUG] [Dummy-8] [qasync._windows._EventWorker/_windows.py:204]: Exiting thread
2026-01-20 17:46:48,247 [DEBUG] [MainThread] [qasync._windows._IocpProactor/_windows.py:78]: Closing
2026-01-20 17:46:48,291 [DEBUG] [MainThread] [systray_widget/utils.py:96]: Destroying window 1772170
2026-01-20 17:46:48,799 [INFO] [MainThread] [root/log.py:69]: YASB v1.8.6
2026-01-20 17:46:48,801 [INFO] [Thread-1 (_run_server)] [cli_server/cli_server.py:212]: CLI server started v1.1.4
2026-01-20 17:46:48,802 [INFO] [MainThread] [cli_server/cli_server.py:104]: Log pipe server started
2026-01-20 17:46:50,666 [INFO] [MainThread] [root/service.py:48]: AudioOutputService starting...
2026-01-20 17:46:51,203 [INFO] [MainThread] [root/bar_manager.py:85]: Starting KomorebiEventListener...
2026-01-20 17:46:51,204 [INFO] [MainThread] [root/bar_manager.py:85]: Starting SystemEventListener...
2026-01-20 17:46:51,204 [INFO] [MainThread] [root/watcher.py:54]: Created file watcher for path C:\Users\pspra\.config\yasb
2026-01-20 17:46:51,282 [INFO] [Dummy-5] [root/event_listener.py:51]: Created named pipe yasb-e68b5c2e-f5f9-11f0-8ed1-c035320973e6
2026-01-20 17:46:51,357 [INFO] [MainThread] [root/update_service.py:409]: Background update checker started
2026-01-20 17:46:51,358 [DEBUG] [MainThread] [qasync._windows._EventPoller/_windows.py:215]: Starting (proactor: <_IocpProactor overlapped#=0 result#=0>)...
2026-01-20 17:46:51,360 [DEBUG] [Dummy-8] [qasync._windows._EventWorker/_windows.py:195]: Thread started
2026-01-20 17:46:51,392 [DEBUG] [MainThread] [systray_widget/systray.py:526]: Loading state from C:\Users\pspra\AppData\Local\YASB\systray_state_AUOPTRONICSDISPLAY149573.json
2026-01-20 17:46:51,401 [DEBUG] [SystrayMonitor] [systray_widget/systray.py:57]: Systray thread is starting...
2026-01-20 17:46:51,406 [DEBUG] [MainThread] [systray_widget/systray.py:526]: Loading state from C:\Users\pspra\AppData\Local\YASB\systray_state_KHP22F3CM0403HT8.json
2026-01-20 17:46:51,449 [INFO] [Dummy-5] [root/event_listener.py:125]: Komorebi connected to named pipe: yasb-e68b5c2e-f5f9-11f0-8ed1-c035320973e6
2026-01-20 17:46:51,515 [DEBUG] [MainThread] [systray_widget/systray.py:277]: Systray thread started
2026-01-20 17:46:51,718 [DEBUG] [SystrayMonitor] [systray_widget/systray_monitor.py:164]: Adding TaskbandHWND prop to hwnd 789326
2026-01-20 17:46:51,722 [DEBUG] [SystrayMonitor] [systray_widget/systray_monitor.py:242]: Finding real tray hwnd
2026-01-20 17:46:51,730 [DEBUG] [MainThread] [systray_widget/systray_monitor.py:157]: Sending TaskbarCreated message: 49322
2026-01-20 17:46:52,020 [INFO] [MainThread] [root/api.py:69]: Fetching new weather data at 2026-01-20 17:46:52.020680
2026-01-20 17:46:56,589 [DEBUG] [SystrayMonitor] [systray_widget/utils.py:124]: Could not open process ID 4656. Err: 5
2026-01-20 17:46:57,103 [DEBUG] [SystrayMonitor] [systray_widget/utils.py:124]: Could not open process ID 4656. Err: 5
2026-01-20 17:46:57,619 [DEBUG] [SystrayMonitor] [systray_widget/utils.py:124]: Could not open process ID 4656. Err: 5
2026-01-20 17:46:58,136 [DEBUG] [SystrayMonitor] [systray_widget/utils.py:124]: Could not open process ID 4656. Err: 5
2026-01-20 17:46:58,669 [DEBUG] [SystrayMonitor] [systray_widget/utils.py:124]: Could not open process ID 4656. Err: 5
2026-01-20 17:46:59,193 [DEBUG] [SystrayMonitor] [systray_widget/utils.py:124]: Could not open process ID 4656. Err: 5
2026-01-20 17:49:05,358 [INFO] [MainThread] [root/controller.py:15]: Reloading Application because of config change.
2026-01-20 17:49:05,474 [INFO] [MainThread] [cli_server/cli_server.py:112]: Log pipe server stopped
2026-01-20 17:49:05,475 [DEBUG] [MainThread] [cli_server/cli_server.py:206]: CLI server stopped
2026-01-20 17:49:05,486 [INFO] [MainThread] [root/bar_manager.py:76]: Successfully loaded updated config and re-initialised all bars.
2026-01-20 17:49:05,713 [INFO] [MainThread] [root/bar_manager.py:92]: Stopping KomorebiEventListener...
2026-01-20 17:49:05,713 [INFO] [MainThread] [root/bar_manager.py:92]: Stopping SystemEventListener...
2026-01-20 17:49:05,715 [DEBUG] [MainThread] [systray_widget/systray.py:504]: Saving state to disk
2026-01-20 17:49:05,716 [INFO] [Dummy-5] [root/event_listener.py:92]: Attempting to reconnect to Komorebi...
2026-01-20 17:49:05,716 [DEBUG] [MainThread] [systray_widget/systray.py:508]: Saving state to C:\Users\pspra\AppData\Local\YASB\systray_state_AUOPTRONICSDISPLAY149573.json
2026-01-20 17:49:05,717 [DEBUG] [MainThread] [systray_widget/utils.py:96]: Destroying window 789326
2026-01-20 17:49:05,718 [DEBUG] [MainThread] [systray_widget/systray.py:504]: Saving state to disk
2026-01-20 17:49:05,718 [DEBUG] [MainThread] [systray_widget/systray.py:508]: Saving state to C:\Users\pspra\AppData\Local\YASB\systray_state_KHP22F3CM0403HT8.json
2026-01-20 17:49:05,719 [DEBUG] [MainThread] [systray_widget/utils.py:96]: Destroying window 789326
2026-01-20 17:49:05,737 [DEBUG] [MainThread] [qasync._windows._EventPoller/_windows.py:220]: Stopping worker thread...
2026-01-20 17:49:05,749 [DEBUG] [Dummy-8] [qasync._windows._EventWorker/_windows.py:204]: Exiting thread
2026-01-20 17:49:05,752 [DEBUG] [MainThread] [qasync._windows._IocpProactor/_windows.py:78]: Closing
2026-01-20 17:49:05,796 [DEBUG] [MainThread] [systray_widget/utils.py:96]: Destroying window 789326
2026-01-20 17:49:06,340 [INFO] [MainThread] [root/log.py:69]: YASB v1.8.6
2026-01-20 17:49:06,342 [INFO] [Thread-1 (_run_server)] [cli_server/cli_server.py:212]: CLI server started v1.1.4
2026-01-20 17:49:06,344 [INFO] [MainThread] [cli_server/cli_server.py:104]: Log pipe server started
2026-01-20 17:49:08,348 [WARNING] [MainThread] [root/widget_builder.py:40]: No widget config could be found for widget 'traffic
2026-01-20 17:49:08,594 [INFO] [MainThread] [root/service.py:48]: AudioOutputService starting...
2026-01-20 17:49:08,998 [WARNING] [MainThread] [root/widget_builder.py:37]: Ignoring construction of invalid widget 'traffic'
2026-01-20 17:49:09,100 [INFO] [MainThread] [root/bar_manager.py:85]: Starting SystemEventListener...
2026-01-20 17:49:09,100 [INFO] [MainThread] [root/bar_manager.py:85]: Starting KomorebiEventListener...
2026-01-20 17:49:09,101 [ERROR] [MainThread] [root/widget_builder.py:86]: Failed to add undefined widget(s)  - The widget "traffic" is undefined.
2026-01-20 17:49:09,175 [INFO] [Dummy-3] [root/event_listener.py:51]: Created named pipe yasb-38bcc6c9-f5fa-11f0-8da2-c035320973e6
2026-01-20 17:49:09,191 [INFO] [MainThread] [root/watcher.py:54]: Created file watcher for path C:\Users\pspra\.config\yasb
2026-01-20 17:49:09,285 [INFO] [MainThread] [root/update_service.py:409]: Background update checker started
2026-01-20 17:49:09,286 [DEBUG] [MainThread] [qasync._windows._EventPoller/_windows.py:215]: Starting (proactor: <_IocpProactor overlapped#=0 result#=0>)...
2026-01-20 17:49:09,287 [DEBUG] [Dummy-8] [qasync._windows._EventWorker/_windows.py:195]: Thread started
2026-01-20 17:49:09,296 [DEBUG] [MainThread] [systray_widget/systray.py:526]: Loading state from C:\Users\pspra\AppData\Local\YASB\systray_state_AUOPTRONICSDISPLAY149573.json
2026-01-20 17:49:09,306 [DEBUG] [SystrayMonitor] [systray_widget/systray.py:57]: Systray thread is starting...
2026-01-20 17:49:09,313 [DEBUG] [MainThread] [systray_widget/systray.py:526]: Loading state from C:\Users\pspra\AppData\Local\YASB\systray_state_KHP22F3CM0403HT8.json
2026-01-20 17:49:09,323 [INFO] [Dummy-3] [root/event_listener.py:125]: Komorebi connected to named pipe: yasb-38bcc6c9-f5fa-11f0-8da2-c035320973e6
2026-01-20 17:49:09,699 [DEBUG] [MainThread] [systray_widget/systray.py:277]: Systray thread started
2026-01-20 17:49:09,888 [INFO] [MainThread] [root/api.py:69]: Fetching new weather data at 2026-01-20 17:49:09.888493
2026-01-20 17:49:09,903 [DEBUG] [SystrayMonitor] [systray_widget/systray_monitor.py:164]: Adding TaskbandHWND prop to hwnd 592562
2026-01-20 17:49:09,907 [DEBUG] [SystrayMonitor] [systray_widget/systray_monitor.py:242]: Finding real tray hwnd
2026-01-20 17:49:09,912 [DEBUG] [MainThread] [systray_widget/systray_monitor.py:157]: Sending TaskbarCreated message: 49322
2026-01-20 17:49:19,002 [INFO] [MainThread] [root/controller.py:15]: Reloading Application because of config change.
2026-01-20 17:49:19,115 [INFO] [MainThread] [cli_server/cli_server.py:112]: Log pipe server stopped
2026-01-20 17:49:19,116 [DEBUG] [MainThread] [cli_server/cli_server.py:206]: CLI server stopped
2026-01-20 17:49:19,126 [INFO] [MainThread] [root/bar_manager.py:76]: Successfully loaded updated config and re-initialised all bars.
2026-01-20 17:49:19,309 [INFO] [MainThread] [root/bar_manager.py:92]: Stopping SystemEventListener...
2026-01-20 17:49:19,310 [INFO] [MainThread] [root/bar_manager.py:92]: Stopping KomorebiEventListener...
2026-01-20 17:49:19,313 [DEBUG] [MainThread] [systray_widget/systray.py:504]: Saving state to disk
2026-01-20 17:49:19,314 [DEBUG] [MainThread] [systray_widget/systray.py:508]: Saving state to C:\Users\pspra\AppData\Local\YASB\systray_state_AUOPTRONICSDISPLAY149573.json
2026-01-20 17:49:19,315 [DEBUG] [MainThread] [systray_widget/utils.py:96]: Destroying window 592562
2026-01-20 17:49:19,316 [DEBUG] [MainThread] [systray_widget/systray.py:504]: Saving state to disk
2026-01-20 17:49:19,316 [DEBUG] [MainThread] [systray_widget/systray.py:508]: Saving state to C:\Users\pspra\AppData\Local\YASB\systray_state_KHP22F3CM0403HT8.json
2026-01-20 17:49:19,317 [DEBUG] [MainThread] [systray_widget/utils.py:96]: Destroying window 592562
2026-01-20 17:49:19,335 [INFO] [Dummy-3] [root/event_listener.py:92]: Attempting to reconnect to Komorebi...
2026-01-20 17:49:19,388 [DEBUG] [MainThread] [qasync._windows._EventPoller/_windows.py:220]: Stopping worker thread...
2026-01-20 17:49:19,403 [DEBUG] [Dummy-8] [qasync._windows._EventWorker/_windows.py:204]: Exiting thread
2026-01-20 17:49:19,407 [DEBUG] [MainThread] [qasync._windows._IocpProactor/_windows.py:78]: Closing
2026-01-20 17:49:19,496 [DEBUG] [MainThread] [systray_widget/utils.py:96]: Destroying window 592562
2026-01-20 17:49:20,048 [INFO] [MainThread] [root/log.py:69]: YASB v1.8.6
2026-01-20 17:49:20,050 [INFO] [Thread-1 (_run_server)] [cli_server/cli_server.py:212]: CLI server started v1.1.4
2026-01-20 17:49:20,051 [INFO] [MainThread] [cli_server/cli_server.py:104]: Log pipe server started
2026-01-20 17:49:22,412 [INFO] [MainThread] [root/service.py:48]: AudioOutputService starting...
2026-01-20 17:49:22,918 [INFO] [MainThread] [root/bar_manager.py:85]: Starting KomorebiEventListener...
2026-01-20 17:49:22,918 [INFO] [MainThread] [root/bar_manager.py:85]: Starting SystemEventListener...
2026-01-20 17:49:22,919 [INFO] [MainThread] [root/watcher.py:54]: Created file watcher for path C:\Users\pspra\.config\yasb
2026-01-20 17:49:23,008 [INFO] [Dummy-5] [root/event_listener.py:51]: Created named pipe yasb-40f929c4-f5fa-11f0-9f2c-c035320973e6
2026-01-20 17:49:23,064 [INFO] [MainThread] [root/update_service.py:409]: Background update checker started
2026-01-20 17:49:23,065 [DEBUG] [MainThread] [qasync._windows._EventPoller/_windows.py:215]: Starting (proactor: <_IocpProactor overlapped#=0 result#=0>)...
2026-01-20 17:49:23,097 [DEBUG] [Dummy-8] [qasync._windows._EventWorker/_windows.py:195]: Thread started
2026-01-20 17:49:23,122 [DEBUG] [MainThread] [systray_widget/systray.py:526]: Loading state from C:\Users\pspra\AppData\Local\YASB\systray_state_AUOPTRONICSDISPLAY149573.json
2026-01-20 17:49:23,132 [DEBUG] [SystrayMonitor] [systray_widget/systray.py:57]: Systray thread is starting...
2026-01-20 17:49:23,133 [DEBUG] [MainThread] [systray_widget/systray.py:526]: Loading state from C:\Users\pspra\AppData\Local\YASB\systray_state_KHP22F3CM0403HT8.json
2026-01-20 17:49:23,160 [INFO] [Dummy-5] [root/event_listener.py:125]: Komorebi connected to named pipe: yasb-40f929c4-f5fa-11f0-9f2c-c035320973e6
2026-01-20 17:49:23,244 [DEBUG] [MainThread] [systray_widget/systray.py:277]: Systray thread started
2026-01-20 17:49:23,446 [DEBUG] [SystrayMonitor] [systray_widget/systray_monitor.py:164]: Adding TaskbandHWND prop to hwnd 1378546
2026-01-20 17:49:23,451 [DEBUG] [SystrayMonitor] [systray_widget/systray_monitor.py:242]: Finding real tray hwnd
2026-01-20 17:49:23,456 [DEBUG] [MainThread] [systray_widget/systray_monitor.py:157]: Sending TaskbarCreated message: 49322
2026-01-20 17:49:23,649 [INFO] [MainThread] [root/api.py:69]: Fetching new weather data at 2026-01-20 17:49:23.649663
2026-01-20 17:49:35,007 [ERROR] [MainThread] [root/bar_manager.py:56]: Error loading config: while scanning for the next token
found character '\t' that cannot start any token
  in "C:\Users\pspra\.config\yasb\config.yaml", line 52, column 1
2026-01-20 17:49:46,890 [ERROR] [MainThread] [root/bar_manager.py:56]: Error loading config: while scanning for the next token
found character '\t' that cannot start any token
  in "C:\Users\pspra\.config\yasb\config.yaml", line 52, column 1
2026-01-20 17:50:08,326 [DEBUG] [SystrayMonitor] [systray_widget/utils.py:124]: Could not open process ID 4656. Err: 5
2026-01-20 17:50:08,846 [DEBUG] [SystrayMonitor] [systray_widget/utils.py:124]: Could not open process ID 4656. Err: 5
2026-01-20 17:50:09,367 [DEBUG] [SystrayMonitor] [systray_widget/utils.py:124]: Could not open process ID 4656. Err: 5
2026-01-20 17:50:09,886 [DEBUG] [SystrayMonitor] [systray_widget/utils.py:124]: Could not open process ID 4656. Err: 5
2026-01-20 17:50:10,405 [DEBUG] [SystrayMonitor] [systray_widget/utils.py:124]: Could not open process ID 4656. Err: 5
2026-01-20 17:50:10,939 [DEBUG] [SystrayMonitor] [systray_widget/utils.py:124]: Could not open process ID 4656. Err: 5
2026-01-20 17:50:18,637 [ERROR] [MainThread] [root/bar_manager.py:56]: Error loading config: while scanning for the next token
found character '\t' that cannot start any token
  in "C:\Users\pspra\.config\yasb\config.yaml", line 52, column 1
2026-01-20 17:52:24,784 [ERROR] [MainThread] [root/bar_manager.py:56]: Error loading config: while scanning for the next token
found character '\t' that cannot start any token
  in "C:\Users\pspra\.config\yasb\config.yaml", line 52, column 1
2026-01-20 17:52:40,951 [ERROR] [MainThread] [root/bar_manager.py:56]: Error loading config: while scanning for the next token
found character '\t' that cannot start any token
  in "C:\Users\pspra\.config\yasb\config.yaml", line 52, column 1
2026-01-20 17:53:35,015 [ERROR] [MainThread] [root/bar_manager.py:56]: Error loading config: while scanning for the next token
found character '\t' that cannot start any token
  in "C:\Users\pspra\.config\yasb\config.yaml", line 52, column 1
2026-01-20 17:54:31,442 [INFO] [MainThread] [root/log.py:69]: YASB v1.8.6
2026-01-20 17:54:31,452 [INFO] [Thread-1 (_run_server)] [cli_server/cli_server.py:212]: CLI server started v1.1.4
2026-01-20 17:54:31,452 [INFO] [MainThread] [cli_server/cli_server.py:104]: Log pipe server started
2026-01-20 17:54:31,485 [ERROR] [MainThread] [root/main.py:156]: Exception during application startup
Traceback (most recent call last):
  File "main.py", line 154, in <module>
  File "main.py", line 94, in main
  File "D:\a\yasb\yasb\src\core\config.py", line 155, in get_config_and_stylesheet
  File "D:\a\yasb\yasb\src\core\config.py", line 109, in get_config
  File "D:\a\yasb\yasb\venv\Lib\site-packages\yaml\__init__.py", line 125, in safe_load
  File "D:\a\yasb\yasb\venv\Lib\site-packages\yaml\__init__.py", line 81, in load
  File "D:\a\yasb\yasb\venv\Lib\site-packages\yaml\constructor.py", line 49, in get_single_data
  File "D:\a\yasb\yasb\venv\Lib\site-packages\yaml\composer.py", line 36, in get_single_node
  File "D:\a\yasb\yasb\venv\Lib\site-packages\yaml\composer.py", line 55, in compose_document
  File "D:\a\yasb\yasb\venv\Lib\site-packages\yaml\composer.py", line 84, in compose_node
  File "D:\a\yasb\yasb\venv\Lib\site-packages\yaml\composer.py", line 133, in compose_mapping_node
  File "D:\a\yasb\yasb\venv\Lib\site-packages\yaml\composer.py", line 84, in compose_node
  File "D:\a\yasb\yasb\venv\Lib\site-packages\yaml\composer.py", line 133, in compose_mapping_node
  File "D:\a\yasb\yasb\venv\Lib\site-packages\yaml\composer.py", line 84, in compose_node
  File "D:\a\yasb\yasb\venv\Lib\site-packages\yaml\composer.py", line 133, in compose_mapping_node
  File "D:\a\yasb\yasb\venv\Lib\site-packages\yaml\composer.py", line 84, in compose_node
  File "D:\a\yasb\yasb\venv\Lib\site-packages\yaml\composer.py", line 133, in compose_mapping_node
  File "D:\a\yasb\yasb\venv\Lib\site-packages\yaml\composer.py", line 82, in compose_node
  File "D:\a\yasb\yasb\venv\Lib\site-packages\yaml\composer.py", line 110, in compose_sequence_node
  File "D:\a\yasb\yasb\venv\Lib\site-packages\yaml\parser.py", line 98, in check_event
  File "D:\a\yasb\yasb\venv\Lib\site-packages\yaml\parser.py", line 486, in parse_flow_sequence_entry
  File "D:\a\yasb\yasb\venv\Lib\site-packages\yaml\scanner.py", line 116, in check_token
  File "D:\a\yasb\yasb\venv\Lib\site-packages\yaml\scanner.py", line 258, in fetch_more_tokens
yaml.scanner.ScannerError: while scanning for the next token
found character '\t' that cannot start any token
  in "C:\Users\pspra\.config\yasb\config.yaml", line 52, column 1
2026-01-20 17:54:35,648 [INFO] [MainThread] [root/log.py:69]: YASB v1.8.6
2026-01-20 17:54:35,649 [INFO] [Thread-1 (_run_server)] [cli_server/cli_server.py:212]: CLI server started v1.1.4
2026-01-20 17:54:35,649 [INFO] [MainThread] [cli_server/cli_server.py:104]: Log pipe server started
2026-01-20 17:54:35,664 [ERROR] [MainThread] [root/main.py:156]: Exception during application startup
Traceback (most recent call last):
  File "main.py", line 154, in <module>
  File "main.py", line 94, in main
  File "D:\a\yasb\yasb\src\core\config.py", line 155, in get_config_and_stylesheet
  File "D:\a\yasb\yasb\src\core\config.py", line 109, in get_config
  File "D:\a\yasb\yasb\venv\Lib\site-packages\yaml\__init__.py", line 125, in safe_load
  File "D:\a\yasb\yasb\venv\Lib\site-packages\yaml\__init__.py", line 81, in load
  File "D:\a\yasb\yasb\venv\Lib\site-packages\yaml\constructor.py", line 49, in get_single_data
  File "D:\a\yasb\yasb\venv\Lib\site-packages\yaml\composer.py", line 36, in get_single_node
  File "D:\a\yasb\yasb\venv\Lib\site-packages\yaml\composer.py", line 55, in compose_document
  File "D:\a\yasb\yasb\venv\Lib\site-packages\yaml\composer.py", line 84, in compose_node
  File "D:\a\yasb\yasb\venv\Lib\site-packages\yaml\composer.py", line 133, in compose_mapping_node
  File "D:\a\yasb\yasb\venv\Lib\site-packages\yaml\composer.py", line 84, in compose_node
  File "D:\a\yasb\yasb\venv\Lib\site-packages\yaml\composer.py", line 133, in compose_mapping_node
  File "D:\a\yasb\yasb\venv\Lib\site-packages\yaml\composer.py", line 84, in compose_node
  File "D:\a\yasb\yasb\venv\Lib\site-packages\yaml\composer.py", line 133, in compose_mapping_node
  File "D:\a\yasb\yasb\venv\Lib\site-packages\yaml\composer.py", line 84, in compose_node
  File "D:\a\yasb\yasb\venv\Lib\site-packages\yaml\composer.py", line 133, in compose_mapping_node
  File "D:\a\yasb\yasb\venv\Lib\site-packages\yaml\composer.py", line 82, in compose_node
  File "D:\a\yasb\yasb\venv\Lib\site-packages\yaml\composer.py", line 110, in compose_sequence_node
  File "D:\a\yasb\yasb\venv\Lib\site-packages\yaml\parser.py", line 98, in check_event
  File "D:\a\yasb\yasb\venv\Lib\site-packages\yaml\parser.py", line 486, in parse_flow_sequence_entry
  File "D:\a\yasb\yasb\venv\Lib\site-packages\yaml\scanner.py", line 116, in check_token
  File "D:\a\yasb\yasb\venv\Lib\site-packages\yaml\scanner.py", line 258, in fetch_more_tokens
yaml.scanner.ScannerError: while scanning for the next token
found character '\t' that cannot start any token
  in "C:\Users\pspra\.config\yasb\config.yaml", line 52, column 1
2026-01-20 17:54:41,484 [INFO] [MainThread] [root/log.py:69]: YASB v1.8.6
2026-01-20 17:54:41,484 [INFO] [Thread-1 (_run_server)] [cli_server/cli_server.py:212]: CLI server started v1.1.4
2026-01-20 17:54:41,485 [INFO] [MainThread] [cli_server/cli_server.py:104]: Log pipe server started
2026-01-20 17:54:41,501 [ERROR] [MainThread] [root/main.py:156]: Exception during application startup
Traceback (most recent call last):
  File "main.py", line 154, in <module>
  File "main.py", line 94, in main
  File "D:\a\yasb\yasb\src\core\config.py", line 155, in get_config_and_stylesheet
  File "D:\a\yasb\yasb\src\core\config.py", line 109, in get_config
  File "D:\a\yasb\yasb\venv\Lib\site-packages\yaml\__init__.py", line 125, in safe_load
  File "D:\a\yasb\yasb\venv\Lib\site-packages\yaml\__init__.py", line 81, in load
  File "D:\a\yasb\yasb\venv\Lib\site-packages\yaml\constructor.py", line 49, in get_single_data
  File "D:\a\yasb\yasb\venv\Lib\site-packages\yaml\composer.py", line 36, in get_single_node
  File "D:\a\yasb\yasb\venv\Lib\site-packages\yaml\composer.py", line 55, in compose_document
  File "D:\a\yasb\yasb\venv\Lib\site-packages\yaml\composer.py", line 84, in compose_node
  File "D:\a\yasb\yasb\venv\Lib\site-packages\yaml\composer.py", line 133, in compose_mapping_node
  File "D:\a\yasb\yasb\venv\Lib\site-packages\yaml\composer.py", line 84, in compose_node
  File "D:\a\yasb\yasb\venv\Lib\site-packages\yaml\composer.py", line 133, in compose_mapping_node
  File "D:\a\yasb\yasb\venv\Lib\site-packages\yaml\composer.py", line 84, in compose_node
  File "D:\a\yasb\yasb\venv\Lib\site-packages\yaml\composer.py", line 133, in compose_mapping_node
  File "D:\a\yasb\yasb\venv\Lib\site-packages\yaml\composer.py", line 84, in compose_node
  File "D:\a\yasb\yasb\venv\Lib\site-packages\yaml\composer.py", line 133, in compose_mapping_node
  File "D:\a\yasb\yasb\venv\Lib\site-packages\yaml\composer.py", line 82, in compose_node
  File "D:\a\yasb\yasb\venv\Lib\site-packages\yaml\composer.py", line 110, in compose_sequence_node
  File "D:\a\yasb\yasb\venv\Lib\site-packages\yaml\parser.py", line 98, in check_event
  File "D:\a\yasb\yasb\venv\Lib\site-packages\yaml\parser.py", line 486, in parse_flow_sequence_entry
  File "D:\a\yasb\yasb\venv\Lib\site-packages\yaml\scanner.py", line 116, in check_token
  File "D:\a\yasb\yasb\venv\Lib\site-packages\yaml\scanner.py", line 258, in fetch_more_tokens
yaml.scanner.ScannerError: while scanning for the next token
found character '\t' that cannot start any token
  in "C:\Users\pspra\.config\yasb\config.yaml", line 52, column 1
2026-01-20 17:55:05,136 [INFO] [MainThread] [root/log.py:69]: YASB v1.8.6
2026-01-20 17:55:05,136 [INFO] [Thread-1 (_run_server)] [cli_server/cli_server.py:212]: CLI server started v1.1.4
2026-01-20 17:55:05,137 [INFO] [MainThread] [cli_server/cli_server.py:104]: Log pipe server started
2026-01-20 17:55:05,155 [ERROR] [MainThread] [root/main.py:156]: Exception during application startup
Traceback (most recent call last):
  File "main.py", line 154, in <module>
  File "main.py", line 94, in main
  File "D:\a\yasb\yasb\src\core\config.py", line 155, in get_config_and_stylesheet
  File "D:\a\yasb\yasb\src\core\config.py", line 109, in get_config
  File "D:\a\yasb\yasb\venv\Lib\site-packages\yaml\__init__.py", line 125, in safe_load
  File "D:\a\yasb\yasb\venv\Lib\site-packages\yaml\__init__.py", line 81, in load
  File "D:\a\yasb\yasb\venv\Lib\site-packages\yaml\constructor.py", line 49, in get_single_data
  File "D:\a\yasb\yasb\venv\Lib\site-packages\yaml\composer.py", line 36, in get_single_node
  File "D:\a\yasb\yasb\venv\Lib\site-packages\yaml\composer.py", line 55, in compose_document
  File "D:\a\yasb\yasb\venv\Lib\site-packages\yaml\composer.py", line 84, in compose_node
  File "D:\a\yasb\yasb\venv\Lib\site-packages\yaml\composer.py", line 133, in compose_mapping_node
  File "D:\a\yasb\yasb\venv\Lib\site-packages\yaml\composer.py", line 84, in compose_node
  File "D:\a\yasb\yasb\venv\Lib\site-packages\yaml\composer.py", line 133, in compose_mapping_node
  File "D:\a\yasb\yasb\venv\Lib\site-packages\yaml\composer.py", line 84, in compose_node
  File "D:\a\yasb\yasb\venv\Lib\site-packages\yaml\composer.py", line 133, in compose_mapping_node
  File "D:\a\yasb\yasb\venv\Lib\site-packages\yaml\composer.py", line 84, in compose_node
  File "D:\a\yasb\yasb\venv\Lib\site-packages\yaml\composer.py", line 133, in compose_mapping_node
  File "D:\a\yasb\yasb\venv\Lib\site-packages\yaml\composer.py", line 82, in compose_node
  File "D:\a\yasb\yasb\venv\Lib\site-packages\yaml\composer.py", line 110, in compose_sequence_node
  File "D:\a\yasb\yasb\venv\Lib\site-packages\yaml\parser.py", line 98, in check_event
  File "D:\a\yasb\yasb\venv\Lib\site-packages\yaml\parser.py", line 486, in parse_flow_sequence_entry
  File "D:\a\yasb\yasb\venv\Lib\site-packages\yaml\scanner.py", line 116, in check_token
  File "D:\a\yasb\yasb\venv\Lib\site-packages\yaml\scanner.py", line 258, in fetch_more_tokens
yaml.scanner.ScannerError: while scanning for the next token
found character '\t' that cannot start any token
  in "C:\Users\pspra\.config\yasb\config.yaml", line 52, column 1
2026-01-20 17:55:44,788 [INFO] [MainThread] [root/log.py:69]: YASB v1.8.6
2026-01-20 17:55:44,789 [INFO] [Thread-1 (_run_server)] [cli_server/cli_server.py:212]: CLI server started v1.1.4
2026-01-20 17:55:44,789 [INFO] [MainThread] [cli_server/cli_server.py:104]: Log pipe server started
2026-01-20 17:55:44,808 [ERROR] [MainThread] [root/main.py:156]: Exception during application startup
Traceback (most recent call last):
  File "main.py", line 154, in <module>
  File "main.py", line 94, in main
  File "D:\a\yasb\yasb\src\core\config.py", line 155, in get_config_and_stylesheet
  File "D:\a\yasb\yasb\src\core\config.py", line 109, in get_config
  File "D:\a\yasb\yasb\venv\Lib\site-packages\yaml\__init__.py", line 125, in safe_load
  File "D:\a\yasb\yasb\venv\Lib\site-packages\yaml\__init__.py", line 81, in load
  File "D:\a\yasb\yasb\venv\Lib\site-packages\yaml\constructor.py", line 49, in get_single_data
  File "D:\a\yasb\yasb\venv\Lib\site-packages\yaml\composer.py", line 36, in get_single_node
  File "D:\a\yasb\yasb\venv\Lib\site-packages\yaml\composer.py", line 55, in compose_document
  File "D:\a\yasb\yasb\venv\Lib\site-packages\yaml\composer.py", line 84, in compose_node
  File "D:\a\yasb\yasb\venv\Lib\site-packages\yaml\composer.py", line 133, in compose_mapping_node
  File "D:\a\yasb\yasb\venv\Lib\site-packages\yaml\composer.py", line 84, in compose_node
  File "D:\a\yasb\yasb\venv\Lib\site-packages\yaml\composer.py", line 133, in compose_mapping_node
  File "D:\a\yasb\yasb\venv\Lib\site-packages\yaml\composer.py", line 84, in compose_node
  File "D:\a\yasb\yasb\venv\Lib\site-packages\yaml\composer.py", line 133, in compose_mapping_node
  File "D:\a\yasb\yasb\venv\Lib\site-packages\yaml\composer.py", line 84, in compose_node
  File "D:\a\yasb\yasb\venv\Lib\site-packages\yaml\composer.py", line 133, in compose_mapping_node
  File "D:\a\yasb\yasb\venv\Lib\site-packages\yaml\composer.py", line 82, in compose_node
  File "D:\a\yasb\yasb\venv\Lib\site-packages\yaml\composer.py", line 110, in compose_sequence_node
  File "D:\a\yasb\yasb\venv\Lib\site-packages\yaml\parser.py", line 98, in check_event
  File "D:\a\yasb\yasb\venv\Lib\site-packages\yaml\parser.py", line 486, in parse_flow_sequence_entry
  File "D:\a\yasb\yasb\venv\Lib\site-packages\yaml\scanner.py", line 116, in check_token
  File "D:\a\yasb\yasb\venv\Lib\site-packages\yaml\scanner.py", line 258, in fetch_more_tokens
yaml.scanner.ScannerError: while scanning for the next token
found character '\t' that cannot start any token
  in "C:\Users\pspra\.config\yasb\config.yaml", line 52, column 1
2026-01-20 21:30:38,989 [INFO] [MainThread] [root/log.py:69]: YASB v1.8.6
2026-01-20 21:30:38,990 [INFO] [Thread-1 (_run_server)] [cli_server/cli_server.py:212]: CLI server started v1.1.4
2026-01-20 21:30:38,991 [INFO] [MainThread] [cli_server/cli_server.py:104]: Log pipe server started
2026-01-20 21:30:39,088 [ERROR] [MainThread] [root/main.py:156]: Exception during application startup
Traceback (most recent call last):
  File "main.py", line 154, in <module>
  File "main.py", line 94, in main
  File "D:\a\yasb\yasb\src\core\config.py", line 155, in get_config_and_stylesheet
  File "D:\a\yasb\yasb\src\core\config.py", line 109, in get_config
  File "D:\a\yasb\yasb\venv\Lib\site-packages\yaml\__init__.py", line 125, in safe_load
  File "D:\a\yasb\yasb\venv\Lib\site-packages\yaml\__init__.py", line 81, in load
  File "D:\a\yasb\yasb\venv\Lib\site-packages\yaml\constructor.py", line 49, in get_single_data
  File "D:\a\yasb\yasb\venv\Lib\site-packages\yaml\composer.py", line 36, in get_single_node
  File "D:\a\yasb\yasb\venv\Lib\site-packages\yaml\composer.py", line 55, in compose_document
  File "D:\a\yasb\yasb\venv\Lib\site-packages\yaml\composer.py", line 84, in compose_node
  File "D:\a\yasb\yasb\venv\Lib\site-packages\yaml\composer.py", line 133, in compose_mapping_node
  File "D:\a\yasb\yasb\venv\Lib\site-packages\yaml\composer.py", line 84, in compose_node
  File "D:\a\yasb\yasb\venv\Lib\site-packages\yaml\composer.py", line 133, in compose_mapping_node
  File "D:\a\yasb\yasb\venv\Lib\site-packages\yaml\composer.py", line 84, in compose_node
  File "D:\a\yasb\yasb\venv\Lib\site-packages\yaml\composer.py", line 133, in compose_mapping_node
  File "D:\a\yasb\yasb\venv\Lib\site-packages\yaml\composer.py", line 84, in compose_node
  File "D:\a\yasb\yasb\venv\Lib\site-packages\yaml\composer.py", line 133, in compose_mapping_node
  File "D:\a\yasb\yasb\venv\Lib\site-packages\yaml\composer.py", line 82, in compose_node
  File "D:\a\yasb\yasb\venv\Lib\site-packages\yaml\composer.py", line 110, in compose_sequence_node
  File "D:\a\yasb\yasb\venv\Lib\site-packages\yaml\parser.py", line 98, in check_event
  File "D:\a\yasb\yasb\venv\Lib\site-packages\yaml\parser.py", line 486, in parse_flow_sequence_entry
  File "D:\a\yasb\yasb\venv\Lib\site-packages\yaml\scanner.py", line 116, in check_token
  File "D:\a\yasb\yasb\venv\Lib\site-packages\yaml\scanner.py", line 258, in fetch_more_tokens
yaml.scanner.ScannerError: while scanning for the next token
found character '\t' that cannot start any token
  in "C:\Users\pspra\.config\yasb\config.yaml", line 52, column 1
2026-01-20 22:00:17,909 [INFO] [MainThread] [root/log.py:69]: YASB v1.8.6
2026-01-20 22:00:17,909 [INFO] [Thread-1 (_run_server)] [cli_server/cli_server.py:212]: CLI server started v1.1.4
2026-01-20 22:00:17,909 [INFO] [MainThread] [cli_server/cli_server.py:104]: Log pipe server started
2026-01-20 22:00:17,925 [ERROR] [MainThread] [root/main.py:156]: Exception during application startup
Traceback (most recent call last):
  File "main.py", line 154, in <module>
  File "main.py", line 94, in main
  File "D:\a\yasb\yasb\src\core\config.py", line 155, in get_config_and_stylesheet
  File "D:\a\yasb\yasb\src\core\config.py", line 109, in get_config
  File "D:\a\yasb\yasb\venv\Lib\site-packages\yaml\__init__.py", line 125, in safe_load
  File "D:\a\yasb\yasb\venv\Lib\site-packages\yaml\__init__.py", line 81, in load
  File "D:\a\yasb\yasb\venv\Lib\site-packages\yaml\constructor.py", line 49, in get_single_data
  File "D:\a\yasb\yasb\venv\Lib\site-packages\yaml\composer.py", line 36, in get_single_node
  File "D:\a\yasb\yasb\venv\Lib\site-packages\yaml\composer.py", line 55, in compose_document
  File "D:\a\yasb\yasb\venv\Lib\site-packages\yaml\composer.py", line 84, in compose_node
  File "D:\a\yasb\yasb\venv\Lib\site-packages\yaml\composer.py", line 133, in compose_mapping_node
  File "D:\a\yasb\yasb\venv\Lib\site-packages\yaml\composer.py", line 84, in compose_node
  File "D:\a\yasb\yasb\venv\Lib\site-packages\yaml\composer.py", line 133, in compose_mapping_node
  File "D:\a\yasb\yasb\venv\Lib\site-packages\yaml\composer.py", line 84, in compose_node
  File "D:\a\yasb\yasb\venv\Lib\site-packages\yaml\composer.py", line 133, in compose_mapping_node
  File "D:\a\yasb\yasb\venv\Lib\site-packages\yaml\composer.py", line 84, in compose_node
  File "D:\a\yasb\yasb\venv\Lib\site-packages\yaml\composer.py", line 133, in compose_mapping_node
  File "D:\a\yasb\yasb\venv\Lib\site-packages\yaml\composer.py", line 82, in compose_node
  File "D:\a\yasb\yasb\venv\Lib\site-packages\yaml\composer.py", line 110, in compose_sequence_node
  File "D:\a\yasb\yasb\venv\Lib\site-packages\yaml\parser.py", line 98, in check_event
  File "D:\a\yasb\yasb\venv\Lib\site-packages\yaml\parser.py", line 486, in parse_flow_sequence_entry
  File "D:\a\yasb\yasb\venv\Lib\site-packages\yaml\scanner.py", line 116, in check_token
  File "D:\a\yasb\yasb\venv\Lib\site-packages\yaml\scanner.py", line 258, in fetch_more_tokens
yaml.scanner.ScannerError: while scanning for the next token
found character '\t' that cannot start any token
  in "C:\Users\pspra\.config\yasb\config.yaml", line 52, column 1
2026-01-20 22:02:18,816 [INFO] [MainThread] [root/log.py:69]: YASB v1.8.6
2026-01-20 22:02:18,816 [INFO] [Thread-1 (_run_server)] [cli_server/cli_server.py:212]: CLI server started v1.1.4
2026-01-20 22:02:18,817 [INFO] [MainThread] [cli_server/cli_server.py:104]: Log pipe server started
2026-01-20 22:02:19,944 [INFO] [MainThread] [root/service.py:48]: AudioOutputService starting...
2026-01-20 22:02:20,262 [INFO] [MainThread] [root/bar_manager.py:85]: Starting SystemEventListener...
2026-01-20 22:02:20,263 [INFO] [MainThread] [root/bar_manager.py:85]: Starting KomorebiEventListener...
2026-01-20 22:02:20,264 [INFO] [MainThread] [root/watcher.py:54]: Created file watcher for path C:\Users\pspra\.config\yasb
2026-01-20 22:02:20,312 [INFO] [Dummy-7] [root/event_listener.py:51]: Created named pipe yasb-97603da8-f61d-11f0-94e0-c235320973e5
2026-01-20 22:02:20,351 [INFO] [MainThread] [root/update_service.py:409]: Background update checker started
2026-01-20 22:02:20,351 [DEBUG] [MainThread] [qasync._windows._EventPoller/_windows.py:215]: Starting (proactor: <_IocpProactor overlapped#=0 result#=0>)...
2026-01-20 22:02:20,355 [DEBUG] [Dummy-10] [qasync._windows._EventWorker/_windows.py:195]: Thread started
2026-01-20 22:02:20,360 [DEBUG] [MainThread] [systray_widget/systray.py:526]: Loading state from C:\Users\pspra\AppData\Local\YASB\systray_state_AUOPTRONICSDISPLAY149573.json
2026-01-20 22:02:20,379 [DEBUG] [SystrayMonitor] [systray_widget/systray.py:57]: Systray thread is starting...
2026-01-20 22:02:20,389 [DEBUG] [MainThread] [systray_widget/systray.py:526]: Loading state from C:\Users\pspra\AppData\Local\YASB\systray_state_KHP22F3CM0403HT8.json
2026-01-20 22:02:20,437 [DEBUG] [MainThread] [systray_widget/systray.py:277]: Systray thread started
2026-01-20 22:02:20,640 [DEBUG] [SystrayMonitor] [systray_widget/systray_monitor.py:164]: Adding TaskbandHWND prop to hwnd 67504
2026-01-20 22:02:20,652 [DEBUG] [SystrayMonitor] [systray_widget/systray_monitor.py:242]: Finding real tray hwnd
2026-01-20 22:02:20,657 [DEBUG] [MainThread] [systray_widget/systray_monitor.py:157]: Sending TaskbarCreated message: 49364
2026-01-20 22:02:21,299 [INFO] [MainThread] [root/api.py:69]: Fetching new weather data at 2026-01-20 22:02:21.299520
2026-01-20 22:02:44,368 [DEBUG] [SystrayMonitor] [systray_widget/utils.py:124]: Could not open process ID 10864. Err: 5
2026-01-20 22:02:44,883 [DEBUG] [SystrayMonitor] [systray_widget/utils.py:124]: Could not open process ID 10864. Err: 5
2026-01-20 22:02:45,401 [DEBUG] [SystrayMonitor] [systray_widget/utils.py:124]: Could not open process ID 10864. Err: 5
2026-01-20 22:02:45,917 [DEBUG] [SystrayMonitor] [systray_widget/utils.py:124]: Could not open process ID 10864. Err: 5
2026-01-20 22:02:58,952 [DEBUG] [SystrayMonitor] [systray_widget/utils.py:124]: Could not open process ID 10864. Err: 5
2026-01-20 22:02:59,484 [DEBUG] [SystrayMonitor] [systray_widget/utils.py:124]: Could not open process ID 10864. Err: 5
2026-01-20 22:03:01,298 [INFO] [Dummy-7] [root/event_listener.py:125]: Komorebi connected to named pipe: yasb-97603da8-f61d-11f0-94e0-c235320973e5
2026-01-20 22:12:20,831 [INFO] [MainThread] [root/api.py:69]: Fetching new weather data at 2026-01-20 22:12:20.831603
2026-01-20 22:14:54,485 [INFO] [MainThread] [root/controller.py:15]: Reloading Application because of config change.
2026-01-20 22:14:54,591 [INFO] [MainThread] [cli_server/cli_server.py:112]: Log pipe server stopped
2026-01-20 22:14:54,591 [DEBUG] [MainThread] [cli_server/cli_server.py:206]: CLI server stopped
2026-01-20 22:14:54,603 [INFO] [MainThread] [root/bar_manager.py:76]: Successfully loaded updated config and re-initialised all bars.
2026-01-20 22:14:54,857 [INFO] [MainThread] [root/bar_manager.py:92]: Stopping SystemEventListener...
2026-01-20 22:14:54,857 [INFO] [MainThread] [root/bar_manager.py:92]: Stopping KomorebiEventListener...
2026-01-20 22:14:54,861 [DEBUG] [MainThread] [systray_widget/systray.py:504]: Saving state to disk
2026-01-20 22:14:54,862 [DEBUG] [MainThread] [systray_widget/systray.py:508]: Saving state to C:\Users\pspra\AppData\Local\YASB\systray_state_AUOPTRONICSDISPLAY149573.json
2026-01-20 22:14:54,864 [DEBUG] [MainThread] [systray_widget/utils.py:96]: Destroying window 67504
2026-01-20 22:14:54,864 [DEBUG] [MainThread] [systray_widget/systray.py:504]: Saving state to disk
2026-01-20 22:14:54,865 [DEBUG] [MainThread] [systray_widget/systray.py:508]: Saving state to C:\Users\pspra\AppData\Local\YASB\systray_state_KHP22F3CM0403HT8.json
2026-01-20 22:14:54,868 [DEBUG] [MainThread] [systray_widget/utils.py:96]: Destroying window 67504
2026-01-20 22:14:54,897 [DEBUG] [MainThread] [qasync._windows._EventPoller/_windows.py:220]: Stopping worker thread...
2026-01-20 22:14:54,899 [DEBUG] [Dummy-10] [qasync._windows._EventWorker/_windows.py:204]: Exiting thread
2026-01-20 22:14:54,905 [INFO] [Dummy-7] [root/event_listener.py:92]: Attempting to reconnect to Komorebi...
2026-01-20 22:14:54,906 [DEBUG] [MainThread] [qasync._windows._IocpProactor/_windows.py:78]: Closing
2026-01-20 22:14:54,992 [DEBUG] [MainThread] [systray_widget/utils.py:96]: Destroying window 67504
2026-01-20 22:14:55,414 [INFO] [MainThread] [root/log.py:69]: YASB v1.8.6
2026-01-20 22:14:55,415 [INFO] [Thread-1 (_run_server)] [cli_server/cli_server.py:212]: CLI server started v1.1.4
2026-01-20 22:14:55,416 [INFO] [MainThread] [cli_server/cli_server.py:104]: Log pipe server started
2026-01-20 22:14:57,776 [INFO] [MainThread] [root/service.py:48]: AudioOutputService starting...
2026-01-20 22:14:58,357 [INFO] [MainThread] [root/bar_manager.py:85]: Starting SystemEventListener...
2026-01-20 22:14:58,357 [INFO] [MainThread] [root/bar_manager.py:85]: Starting KomorebiEventListener...
2026-01-20 22:14:58,358 [INFO] [MainThread] [root/watcher.py:54]: Created file watcher for path C:\Users\pspra\.config\yasb
2026-01-20 22:14:58,412 [INFO] [Dummy-7] [root/event_listener.py:51]: Created named pipe yasb-5b3c451e-f61f-11f0-8532-c235320973e5
2026-01-20 22:14:58,479 [INFO] [MainThread] [root/update_service.py:409]: Background update checker started
2026-01-20 22:14:58,479 [DEBUG] [MainThread] [qasync._windows._EventPoller/_windows.py:215]: Starting (proactor: <_IocpProactor overlapped#=0 result#=0>)...
2026-01-20 22:14:58,481 [DEBUG] [Dummy-10] [qasync._windows._EventWorker/_windows.py:195]: Thread started
2026-01-20 22:14:58,485 [DEBUG] [MainThread] [systray_widget/systray.py:526]: Loading state from C:\Users\pspra\AppData\Local\YASB\systray_state_AUOPTRONICSDISPLAY149573.json
2026-01-20 22:14:58,494 [DEBUG] [SystrayMonitor] [systray_widget/systray.py:57]: Systray thread is starting...
2026-01-20 22:14:58,503 [DEBUG] [MainThread] [systray_widget/systray.py:526]: Loading state from C:\Users\pspra\AppData\Local\YASB\systray_state_KHP22F3CM0403HT8.json
2026-01-20 22:14:58,552 [DEBUG] [MainThread] [systray_widget/systray.py:277]: Systray thread started
2026-01-20 22:14:58,558 [INFO] [Dummy-7] [root/event_listener.py:125]: Komorebi connected to named pipe: yasb-5b3c451e-f61f-11f0-8532-c235320973e5
2026-01-20 22:14:58,753 [DEBUG] [SystrayMonitor] [systray_widget/systray_monitor.py:164]: Adding TaskbandHWND prop to hwnd 133094
2026-01-20 22:14:58,756 [DEBUG] [SystrayMonitor] [systray_widget/systray_monitor.py:242]: Finding real tray hwnd
2026-01-20 22:14:58,758 [DEBUG] [MainThread] [systray_widget/systray_monitor.py:157]: Sending TaskbarCreated message: 49364
2026-01-20 22:14:59,612 [INFO] [MainThread] [root/api.py:69]: Fetching new weather data at 2026-01-20 22:14:59.612710
2026-01-20 22:18:49,157 [INFO] [MainThread] [root/controller.py:15]: Reloading Application because of config change.
2026-01-20 22:18:49,262 [INFO] [MainThread] [cli_server/cli_server.py:112]: Log pipe server stopped
2026-01-20 22:18:49,262 [DEBUG] [MainThread] [cli_server/cli_server.py:206]: CLI server stopped
2026-01-20 22:18:49,270 [INFO] [MainThread] [root/bar_manager.py:76]: Successfully loaded updated config and re-initialised all bars.
2026-01-20 22:18:49,540 [INFO] [MainThread] [root/bar_manager.py:92]: Stopping SystemEventListener...
2026-01-20 22:18:49,540 [INFO] [MainThread] [root/bar_manager.py:92]: Stopping KomorebiEventListener...
2026-01-20 22:18:49,542 [DEBUG] [MainThread] [systray_widget/systray.py:504]: Saving state to disk
2026-01-20 22:18:49,543 [DEBUG] [MainThread] [systray_widget/systray.py:508]: Saving state to C:\Users\pspra\AppData\Local\YASB\systray_state_AUOPTRONICSDISPLAY149573.json
2026-01-20 22:18:49,545 [DEBUG] [MainThread] [systray_widget/utils.py:96]: Destroying window 133094
2026-01-20 22:18:49,546 [DEBUG] [MainThread] [systray_widget/systray.py:504]: Saving state to disk
2026-01-20 22:18:49,546 [DEBUG] [MainThread] [systray_widget/systray.py:508]: Saving state to C:\Users\pspra\AppData\Local\YASB\systray_state_KHP22F3CM0403HT8.json
2026-01-20 22:18:49,548 [DEBUG] [MainThread] [systray_widget/utils.py:96]: Destroying window 133094
2026-01-20 22:18:49,574 [INFO] [Dummy-7] [root/event_listener.py:92]: Attempting to reconnect to Komorebi...
2026-01-20 22:18:49,580 [DEBUG] [MainThread] [qasync._windows._EventPoller/_windows.py:220]: Stopping worker thread...
2026-01-20 22:18:49,594 [DEBUG] [Dummy-10] [qasync._windows._EventWorker/_windows.py:204]: Exiting thread
2026-01-20 22:18:49,602 [DEBUG] [MainThread] [qasync._windows._IocpProactor/_windows.py:78]: Closing
2026-01-20 22:18:49,667 [DEBUG] [MainThread] [systray_widget/utils.py:96]: Destroying window 133094
2026-01-20 22:18:50,049 [INFO] [MainThread] [root/log.py:69]: YASB v1.8.6
2026-01-20 22:18:50,051 [INFO] [Thread-1 (_run_server)] [cli_server/cli_server.py:212]: CLI server started v1.1.4
2026-01-20 22:18:50,052 [INFO] [MainThread] [cli_server/cli_server.py:104]: Log pipe server started
2026-01-20 22:18:52,670 [INFO] [MainThread] [root/service.py:48]: AudioOutputService starting...
2026-01-20 22:18:53,252 [INFO] [MainThread] [root/bar_manager.py:85]: Starting SystemEventListener...
2026-01-20 22:18:53,253 [INFO] [MainThread] [root/bar_manager.py:85]: Starting KomorebiEventListener...
2026-01-20 22:18:53,253 [INFO] [MainThread] [root/watcher.py:54]: Created file watcher for path C:\Users\pspra\.config\yasb
2026-01-20 22:18:53,316 [INFO] [Dummy-7] [root/event_listener.py:51]: Created named pipe yasb-e73e6a45-f61f-11f0-860d-c235320973e5
2026-01-20 22:18:53,351 [INFO] [MainThread] [root/update_service.py:409]: Background update checker started
2026-01-20 22:18:53,352 [DEBUG] [MainThread] [qasync._windows._EventPoller/_windows.py:215]: Starting (proactor: <_IocpProactor overlapped#=0 result#=0>)...
2026-01-20 22:18:53,353 [DEBUG] [Dummy-10] [qasync._windows._EventWorker/_windows.py:195]: Thread started
2026-01-20 22:18:53,358 [DEBUG] [MainThread] [systray_widget/systray.py:526]: Loading state from C:\Users\pspra\AppData\Local\YASB\systray_state_AUOPTRONICSDISPLAY149573.json
2026-01-20 22:18:53,367 [DEBUG] [SystrayMonitor] [systray_widget/systray.py:57]: Systray thread is starting...
2026-01-20 22:18:53,378 [DEBUG] [MainThread] [systray_widget/systray.py:526]: Loading state from C:\Users\pspra\AppData\Local\YASB\systray_state_KHP22F3CM0403HT8.json
2026-01-20 22:18:53,439 [DEBUG] [MainThread] [systray_widget/systray.py:277]: Systray thread started
2026-01-20 22:18:53,456 [INFO] [Dummy-7] [root/event_listener.py:125]: Komorebi connected to named pipe: yasb-e73e6a45-f61f-11f0-860d-c235320973e5
2026-01-20 22:18:53,640 [DEBUG] [SystrayMonitor] [systray_widget/systray_monitor.py:164]: Adding TaskbandHWND prop to hwnd 198768
2026-01-20 22:18:53,644 [DEBUG] [SystrayMonitor] [systray_widget/systray_monitor.py:242]: Finding real tray hwnd
2026-01-20 22:18:53,647 [DEBUG] [MainThread] [systray_widget/systray_monitor.py:157]: Sending TaskbarCreated message: 49364
2026-01-20 22:18:53,939 [INFO] [MainThread] [root/api.py:69]: Fetching new weather data at 2026-01-20 22:18:53.939032
2026-01-20 22:28:53,200 [INFO] [MainThread] [root/api.py:69]: Fetching new weather data at 2026-01-20 22:28:53.200095
2026-01-20 22:30:16,359 [DEBUG] [SystrayMonitor] [systray_widget/utils.py:124]: Could not open process ID 10864. Err: 5
2026-01-20 22:30:16,895 [DEBUG] [SystrayMonitor] [systray_widget/utils.py:124]: Could not open process ID 10864. Err: 5
2026-01-20 22:30:17,422 [DEBUG] [SystrayMonitor] [systray_widget/utils.py:124]: Could not open process ID 10864. Err: 5
2026-01-20 22:30:17,954 [DEBUG] [SystrayMonitor] [systray_widget/utils.py:124]: Could not open process ID 10864. Err: 5
2026-01-20 22:36:49,740 [DEBUG] [SystrayMonitor] [systray_widget/systray_monitor.py:242]: Finding real tray hwnd
2026-01-20 22:36:49,795 [DEBUG] [SystrayMonitor] [systray_widget/utils.py:124]: Could not open process ID 10864. Err: 5
2026-01-20 22:36:50,610 [DEBUG] [SystrayMonitor] [systray_widget/utils.py:124]: Could not open process ID 10864. Err: 5
2026-01-20 22:36:50,612 [DEBUG] [SystrayMonitor] [systray_widget/utils.py:124]: Could not open process ID 10864. Err: 5
2026-01-20 22:36:50,787 [DEBUG] [SystrayMonitor] [systray_widget/utils.py:124]: Could not open process ID 10864. Err: 5
2026-01-20 22:36:51,297 [DEBUG] [SystrayMonitor] [systray_widget/systray_monitor.py:164]: Adding TaskbandHWND prop to hwnd 198768
2026-01-20 22:36:51,319 [DEBUG] [SystrayMonitor] [systray_widget/utils.py:124]: Could not open process ID 10864. Err: 5
2026-01-20 22:36:51,906 [DEBUG] [SystrayMonitor] [systray_widget/utils.py:124]: Could not open process ID 10864. Err: 5
2026-01-20 22:37:13,645 [DEBUG] [SystrayMonitor] [systray_widget/systray_monitor.py:242]: Finding real tray hwnd
2026-01-20 22:37:13,854 [DEBUG] [SystrayMonitor] [systray_widget/utils.py:124]: Could not open process ID 10864. Err: 5
2026-01-20 22:37:14,452 [DEBUG] [SystrayMonitor] [systray_widget/utils.py:124]: Could not open process ID 10864. Err: 5
2026-01-20 22:37:14,453 [DEBUG] [SystrayMonitor] [systray_widget/utils.py:124]: Could not open process ID 10864. Err: 5
2026-01-20 22:37:14,641 [DEBUG] [SystrayMonitor] [systray_widget/utils.py:124]: Could not open process ID 10864. Err: 5
2026-01-20 22:37:15,170 [DEBUG] [SystrayMonitor] [systray_widget/utils.py:124]: Could not open process ID 10864. Err: 5
2026-01-20 22:37:15,201 [DEBUG] [SystrayMonitor] [systray_widget/systray_monitor.py:164]: Adding TaskbandHWND prop to hwnd 198768
2026-01-20 22:37:15,683 [DEBUG] [SystrayMonitor] [systray_widget/utils.py:124]: Could not open process ID 10864. Err: 5
2026-01-20 22:38:53,245 [INFO] [MainThread] [root/api.py:69]: Fetching new weather data at 2026-01-20 22:38:53.245628
2026-01-20 22:45:07,147 [DEBUG] [SystrayMonitor] [systray_widget/utils.py:124]: Could not open process ID 10864. Err: 5
2026-01-20 22:45:07,678 [DEBUG] [SystrayMonitor] [systray_widget/utils.py:124]: Could not open process ID 10864. Err: 5
2026-01-20 22:45:08,197 [DEBUG] [SystrayMonitor] [systray_widget/utils.py:124]: Could not open process ID 10864. Err: 5
2026-01-20 22:45:08,724 [DEBUG] [SystrayMonitor] [systray_widget/utils.py:124]: Could not open process ID 10864. Err: 5
2026-01-20 22:45:09,241 [DEBUG] [SystrayMonitor] [systray_widget/utils.py:124]: Could not open process ID 10864. Err: 5
2026-01-20 22:45:09,754 [DEBUG] [SystrayMonitor] [systray_widget/utils.py:124]: Could not open process ID 10864. Err: 5
2026-01-20 22:48:53,162 [INFO] [MainThread] [root/api.py:69]: Fetching new weather data at 2026-01-20 22:48:53.162075
2026-01-20 22:49:39,255 [DEBUG] [SystrayMonitor] [systray_widget/systray_monitor.py:242]: Finding real tray hwnd
2026-01-20 22:49:39,295 [DEBUG] [SystrayMonitor] [systray_widget/utils.py:124]: Could not open process ID 10864. Err: 5
2026-01-20 22:49:40,035 [DEBUG] [SystrayMonitor] [systray_widget/utils.py:124]: Could not open process ID 10864. Err: 5
2026-01-20 22:49:40,060 [DEBUG] [SystrayMonitor] [systray_widget/utils.py:124]: Could not open process ID 10864. Err: 5
2026-01-20 22:49:40,063 [DEBUG] [SystrayMonitor] [systray_widget/utils.py:124]: Could not open process ID 10864. Err: 5
2026-01-20 22:49:40,491 [DEBUG] [SystrayMonitor] [systray_widget/systray_monitor.py:164]: Adding TaskbandHWND prop to hwnd 198768
2026-01-20 22:49:40,562 [DEBUG] [SystrayMonitor] [systray_widget/utils.py:124]: Could not open process ID 10864. Err: 5
2026-01-20 22:49:41,080 [DEBUG] [SystrayMonitor] [systray_widget/utils.py:124]: Could not open process ID 10864. Err: 5
2026-01-20 22:49:41,594 [DEBUG] [SystrayMonitor] [systray_widget/utils.py:124]: Could not open process ID 10864. Err: 5
2026-01-20 22:49:42,129 [DEBUG] [SystrayMonitor] [systray_widget/utils.py:124]: Could not open process ID 10864. Err: 5
2026-01-20 22:51:50,291 [INFO] [MainThread] [root/controller.py:35]: Exiting Application...
2026-01-20 22:51:50,406 [INFO] [MainThread] [cli_server/cli_server.py:112]: Log pipe server stopped
2026-01-20 22:51:50,406 [DEBUG] [MainThread] [cli_server/cli_server.py:206]: CLI server stopped
2026-01-20 22:51:50,418 [INFO] [MainThread] [root/bar_manager.py:92]: Stopping SystemEventListener...
2026-01-20 22:51:50,418 [INFO] [MainThread] [root/bar_manager.py:92]: Stopping KomorebiEventListener...
2026-01-20 22:51:50,434 [DEBUG] [MainThread] [systray_widget/systray.py:504]: Saving state to disk
2026-01-20 22:51:50,435 [DEBUG] [MainThread] [systray_widget/systray.py:508]: Saving state to C:\Users\pspra\AppData\Local\YASB\systray_state_AUOPTRONICSDISPLAY149573.json
2026-01-20 22:51:50,435 [DEBUG] [MainThread] [systray_widget/utils.py:96]: Destroying window 198768
2026-01-20 22:51:50,435 [DEBUG] [MainThread] [systray_widget/systray.py:504]: Saving state to disk
2026-01-20 22:51:50,435 [DEBUG] [MainThread] [systray_widget/systray.py:508]: Saving state to C:\Users\pspra\AppData\Local\YASB\systray_state_KHP22F3CM0403HT8.json
2026-01-20 22:51:50,436 [DEBUG] [MainThread] [systray_widget/utils.py:96]: Destroying window 198768
2026-01-20 22:51:50,442 [INFO] [Dummy-7] [root/event_listener.py:92]: Attempting to reconnect to Komorebi...
2026-01-20 22:51:50,444 [DEBUG] [MainThread] [qasync._windows._EventPoller/_windows.py:220]: Stopping worker thread...
2026-01-20 22:51:50,453 [DEBUG] [Dummy-10] [qasync._windows._EventWorker/_windows.py:204]: Exiting thread
2026-01-20 22:51:50,455 [DEBUG] [MainThread] [qasync._windows._IocpProactor/_windows.py:78]: Closing
2026-01-20 22:51:50,470 [DEBUG] [MainThread] [systray_widget/utils.py:96]: Destroying window 198768
2026-01-20 22:54:27,201 [INFO] [MainThread] [root/log.py:69]: YASB v1.8.6
2026-01-20 22:54:27,202 [INFO] [Thread-1 (_run_server)] [cli_server/cli_server.py:212]: CLI server started v1.1.4
2026-01-20 22:54:27,202 [INFO] [MainThread] [cli_server/cli_server.py:104]: Log pipe server started
2026-01-20 22:54:28,245 [INFO] [MainThread] [root/service.py:48]: AudioOutputService starting...
2026-01-20 22:54:28,528 [INFO] [MainThread] [root/bar_manager.py:85]: Starting KomorebiEventListener...
2026-01-20 22:54:28,529 [INFO] [MainThread] [root/bar_manager.py:85]: Starting SystemEventListener...
2026-01-20 22:54:28,529 [INFO] [MainThread] [root/watcher.py:54]: Created file watcher for path C:\Users\pspra\.config\yasb
2026-01-20 22:54:28,575 [INFO] [Dummy-7] [root/event_listener.py:51]: Created named pipe yasb-dff7a293-f624-11f0-9495-c035320973e6
2026-01-20 22:54:28,617 [INFO] [MainThread] [root/update_service.py:409]: Background update checker started
2026-01-20 22:54:28,618 [DEBUG] [MainThread] [qasync._windows._EventPoller/_windows.py:215]: Starting (proactor: <_IocpProactor overlapped#=0 result#=0>)...
2026-01-20 22:54:28,619 [DEBUG] [Dummy-10] [qasync._windows._EventWorker/_windows.py:195]: Thread started
2026-01-20 22:54:28,627 [DEBUG] [MainThread] [systray_widget/systray.py:526]: Loading state from C:\Users\pspra\AppData\Local\YASB\systray_state_AUOPTRONICSDISPLAY149573.json
2026-01-20 22:54:28,640 [DEBUG] [SystrayMonitor] [systray_widget/systray.py:57]: Systray thread is starting...
2026-01-20 22:54:28,646 [DEBUG] [MainThread] [systray_widget/systray.py:526]: Loading state from C:\Users\pspra\AppData\Local\YASB\systray_state_KHP22F3CM0403HT8.json
2026-01-20 22:54:28,746 [DEBUG] [MainThread] [systray_widget/systray.py:277]: Systray thread started
2026-01-20 22:54:28,947 [DEBUG] [SystrayMonitor] [systray_widget/systray_monitor.py:164]: Adding TaskbandHWND prop to hwnd 67738
2026-01-20 22:54:28,952 [DEBUG] [SystrayMonitor] [systray_widget/systray_monitor.py:242]: Finding real tray hwnd
2026-01-20 22:54:28,959 [DEBUG] [MainThread] [systray_widget/systray_monitor.py:157]: Sending TaskbarCreated message: 49364
2026-01-20 22:54:29,601 [INFO] [MainThread] [root/api.py:69]: Fetching new weather data at 2026-01-20 22:54:29.601864
2026-01-20 22:55:49,383 [DEBUG] [SystrayMonitor] [systray_widget/utils.py:124]: Could not open process ID 4708. Err: 5
2026-01-20 22:55:49,911 [DEBUG] [SystrayMonitor] [systray_widget/utils.py:124]: Could not open process ID 4708. Err: 5
2026-01-20 22:55:50,451 [DEBUG] [SystrayMonitor] [systray_widget/utils.py:124]: Could not open process ID 4708. Err: 5
2026-01-20 22:55:50,979 [DEBUG] [SystrayMonitor] [systray_widget/utils.py:124]: Could not open process ID 4708. Err: 5
2026-01-20 22:56:23,749 [DEBUG] [SystrayMonitor] [systray_widget/utils.py:124]: Could not open process ID 4708. Err: 5
2026-01-20 22:56:24,289 [DEBUG] [SystrayMonitor] [systray_widget/utils.py:124]: Could not open process ID 4708. Err: 5
2026-01-20 22:56:24,817 [DEBUG] [SystrayMonitor] [systray_widget/utils.py:124]: Could not open process ID 4708. Err: 5
2026-01-20 22:56:25,337 [DEBUG] [SystrayMonitor] [systray_widget/utils.py:124]: Could not open process ID 4708. Err: 5
2026-01-20 23:02:21,138 [INFO] [MainThread] [root/controller.py:15]: Reloading Application because of config change.
2026-01-20 23:02:21,243 [INFO] [MainThread] [cli_server/cli_server.py:112]: Log pipe server stopped
2026-01-20 23:02:21,243 [DEBUG] [MainThread] [cli_server/cli_server.py:206]: CLI server stopped
2026-01-20 23:02:21,248 [INFO] [MainThread] [root/bar_manager.py:76]: Successfully loaded updated config and re-initialised all bars.
2026-01-20 23:02:21,308 [INFO] [MainThread] [root/bar_manager.py:92]: Stopping KomorebiEventListener...
2026-01-20 23:02:21,308 [INFO] [MainThread] [root/bar_manager.py:92]: Stopping SystemEventListener...
2026-01-20 23:02:21,325 [DEBUG] [MainThread] [systray_widget/systray.py:504]: Saving state to disk
2026-01-20 23:02:21,325 [DEBUG] [MainThread] [systray_widget/systray.py:508]: Saving state to C:\Users\pspra\AppData\Local\YASB\systray_state_AUOPTRONICSDISPLAY149573.json
2026-01-20 23:02:21,327 [DEBUG] [MainThread] [systray_widget/utils.py:96]: Destroying window 67738
2026-01-20 23:02:21,330 [DEBUG] [MainThread] [systray_widget/systray.py:504]: Saving state to disk
2026-01-20 23:02:21,331 [DEBUG] [MainThread] [systray_widget/systray.py:508]: Saving state to C:\Users\pspra\AppData\Local\YASB\systray_state_KHP22F3CM0403HT8.json
2026-01-20 23:02:21,331 [DEBUG] [MainThread] [systray_widget/utils.py:96]: Destroying window 67738
2026-01-20 23:02:21,364 [DEBUG] [MainThread] [qasync._windows._EventPoller/_windows.py:220]: Stopping worker thread...
2026-01-20 23:02:21,381 [DEBUG] [Dummy-10] [qasync._windows._EventWorker/_windows.py:204]: Exiting thread
2026-01-20 23:02:21,385 [DEBUG] [MainThread] [qasync._windows._IocpProactor/_windows.py:78]: Closing
2026-01-20 23:02:21,409 [DEBUG] [MainThread] [systray_widget/utils.py:96]: Destroying window 67738
2026-01-20 23:02:22,344 [INFO] [MainThread] [root/log.py:69]: YASB v1.8.6
2026-01-20 23:02:22,346 [INFO] [Thread-1 (_run_server)] [cli_server/cli_server.py:212]: CLI server started v1.1.4
2026-01-20 23:02:22,347 [INFO] [MainThread] [cli_server/cli_server.py:104]: Log pipe server started
2026-01-20 23:02:24,668 [INFO] [MainThread] [root/service.py:48]: AudioOutputService starting...
2026-01-20 23:02:25,038 [INFO] [MainThread] [root/bar_manager.py:85]: Starting SystemEventListener...
2026-01-20 23:02:25,038 [INFO] [MainThread] [root/bar_manager.py:85]: Starting KomorebiEventListener...
2026-01-20 23:02:25,039 [INFO] [MainThread] [root/watcher.py:54]: Created file watcher for path C:\Users\pspra\.config\yasb
2026-01-20 23:02:25,114 [INFO] [Dummy-7] [root/event_listener.py:51]: Created named pipe yasb-fbfd4646-f625-11f0-9c1a-c035320973e6
2026-01-20 23:02:25,161 [INFO] [MainThread] [root/update_service.py:409]: Background update checker started
2026-01-20 23:02:25,161 [DEBUG] [MainThread] [qasync._windows._EventPoller/_windows.py:215]: Starting (proactor: <_IocpProactor overlapped#=0 result#=0>)...
2026-01-20 23:02:25,168 [DEBUG] [Dummy-10] [qasync._windows._EventWorker/_windows.py:195]: Thread started
2026-01-20 23:02:25,202 [DEBUG] [MainThread] [systray_widget/systray.py:526]: Loading state from C:\Users\pspra\AppData\Local\YASB\systray_state_AUOPTRONICSDISPLAY149573.json
2026-01-20 23:02:25,204 [DEBUG] [SystrayMonitor] [systray_widget/systray.py:57]: Systray thread is starting...
2026-01-20 23:02:25,211 [DEBUG] [MainThread] [systray_widget/systray.py:526]: Loading state from C:\Users\pspra\AppData\Local\YASB\systray_state_KHP22F3CM0403HT8.json
2026-01-20 23:02:25,274 [DEBUG] [MainThread] [systray_widget/systray.py:277]: Systray thread started
2026-01-20 23:02:25,477 [DEBUG] [SystrayMonitor] [systray_widget/systray_monitor.py:164]: Adding TaskbandHWND prop to hwnd 133276
2026-01-20 23:02:25,483 [DEBUG] [SystrayMonitor] [systray_widget/systray_monitor.py:242]: Finding real tray hwnd
2026-01-20 23:02:25,490 [DEBUG] [MainThread] [systray_widget/systray_monitor.py:157]: Sending TaskbarCreated message: 49364
2026-01-20 23:02:38,110 [INFO] [MainThread] [root/controller.py:15]: Reloading Application because of config change.
2026-01-20 23:02:38,222 [INFO] [MainThread] [cli_server/cli_server.py:112]: Log pipe server stopped
2026-01-20 23:02:38,222 [DEBUG] [MainThread] [cli_server/cli_server.py:206]: CLI server stopped
2026-01-20 23:02:38,226 [INFO] [MainThread] [root/bar_manager.py:76]: Successfully loaded updated config and re-initialised all bars.
2026-01-20 23:02:38,279 [INFO] [MainThread] [root/bar_manager.py:92]: Stopping SystemEventListener...
2026-01-20 23:02:38,280 [INFO] [MainThread] [root/bar_manager.py:92]: Stopping KomorebiEventListener...
2026-01-20 23:02:38,297 [DEBUG] [MainThread] [systray_widget/systray.py:504]: Saving state to disk
2026-01-20 23:02:38,299 [DEBUG] [MainThread] [systray_widget/systray.py:508]: Saving state to C:\Users\pspra\AppData\Local\YASB\systray_state_AUOPTRONICSDISPLAY149573.json
2026-01-20 23:02:38,301 [DEBUG] [MainThread] [systray_widget/utils.py:96]: Destroying window 133276
2026-01-20 23:02:38,302 [DEBUG] [MainThread] [systray_widget/systray.py:504]: Saving state to disk
2026-01-20 23:02:38,302 [DEBUG] [MainThread] [systray_widget/systray.py:508]: Saving state to C:\Users\pspra\AppData\Local\YASB\systray_state_KHP22F3CM0403HT8.json
2026-01-20 23:02:38,304 [DEBUG] [MainThread] [systray_widget/utils.py:96]: Destroying window 133276
2026-01-20 23:02:38,323 [DEBUG] [MainThread] [qasync._windows._EventPoller/_windows.py:220]: Stopping worker thread...
2026-01-20 23:02:38,327 [DEBUG] [Dummy-10] [qasync._windows._EventWorker/_windows.py:204]: Exiting thread
2026-01-20 23:02:38,352 [DEBUG] [MainThread] [qasync._windows._IocpProactor/_windows.py:78]: Closing
2026-01-20 23:02:38,412 [DEBUG] [MainThread] [systray_widget/utils.py:96]: Destroying window 133276
2026-01-20 23:02:39,376 [INFO] [MainThread] [root/log.py:69]: YASB v1.8.6
2026-01-20 23:02:39,378 [INFO] [Thread-1 (_run_server)] [cli_server/cli_server.py:212]: CLI server started v1.1.4
2026-01-20 23:02:39,378 [INFO] [MainThread] [cli_server/cli_server.py:104]: Log pipe server started
2026-01-20 23:02:41,427 [INFO] [MainThread] [root/service.py:48]: AudioOutputService starting...
2026-01-20 23:02:41,885 [INFO] [MainThread] [root/bar_manager.py:85]: Starting KomorebiEventListener...
2026-01-20 23:02:41,886 [INFO] [MainThread] [root/bar_manager.py:85]: Starting SystemEventListener...
2026-01-20 23:02:41,886 [INFO] [MainThread] [root/watcher.py:54]: Created file watcher for path C:\Users\pspra\.config\yasb
2026-01-20 23:02:41,947 [INFO] [Dummy-7] [root/event_listener.py:51]: Created named pipe yasb-0607ef6f-f626-11f0-b555-c035320973e6
2026-01-20 23:02:41,986 [INFO] [MainThread] [root/update_service.py:409]: Background update checker started
2026-01-20 23:02:41,987 [DEBUG] [MainThread] [qasync._windows._EventPoller/_windows.py:215]: Starting (proactor: <_IocpProactor overlapped#=0 result#=0>)...
2026-01-20 23:02:41,988 [DEBUG] [Dummy-10] [qasync._windows._EventWorker/_windows.py:195]: Thread started
2026-01-20 23:02:41,995 [DEBUG] [MainThread] [systray_widget/systray.py:526]: Loading state from C:\Users\pspra\AppData\Local\YASB\systray_state_AUOPTRONICSDISPLAY149573.json
2026-01-20 23:02:41,997 [DEBUG] [SystrayMonitor] [systray_widget/systray.py:57]: Systray thread is starting...
2026-01-20 23:02:42,003 [DEBUG] [MainThread] [systray_widget/systray.py:526]: Loading state from C:\Users\pspra\AppData\Local\YASB\systray_state_KHP22F3CM0403HT8.json
2026-01-20 23:02:42,060 [DEBUG] [MainThread] [systray_widget/systray.py:277]: Systray thread started
2026-01-20 23:02:42,263 [DEBUG] [SystrayMonitor] [systray_widget/systray_monitor.py:164]: Adding TaskbandHWND prop to hwnd 198776
2026-01-20 23:02:42,267 [DEBUG] [SystrayMonitor] [systray_widget/systray_monitor.py:242]: Finding real tray hwnd
2026-01-20 23:02:42,271 [DEBUG] [MainThread] [systray_widget/systray_monitor.py:157]: Sending TaskbarCreated message: 49364
2026-01-20 23:02:47,313 [INFO] [MainThread] [root/controller.py:15]: Reloading Application because of config change.
2026-01-20 23:02:47,418 [INFO] [MainThread] [cli_server/cli_server.py:112]: Log pipe server stopped
2026-01-20 23:02:47,418 [DEBUG] [MainThread] [cli_server/cli_server.py:206]: CLI server stopped
2026-01-20 23:02:47,429 [INFO] [MainThread] [root/bar_manager.py:76]: Successfully loaded updated config and re-initialised all bars.
2026-01-20 23:02:47,504 [INFO] [MainThread] [root/bar_manager.py:92]: Stopping KomorebiEventListener...
2026-01-20 23:02:47,504 [INFO] [MainThread] [root/bar_manager.py:92]: Stopping SystemEventListener...
2026-01-20 23:02:47,528 [DEBUG] [MainThread] [systray_widget/systray.py:504]: Saving state to disk
2026-01-20 23:02:47,530 [DEBUG] [MainThread] [systray_widget/systray.py:508]: Saving state to C:\Users\pspra\AppData\Local\YASB\systray_state_AUOPTRONICSDISPLAY149573.json
2026-01-20 23:02:47,531 [DEBUG] [MainThread] [systray_widget/utils.py:96]: Destroying window 198776
2026-01-20 23:02:47,532 [DEBUG] [MainThread] [systray_widget/systray.py:504]: Saving state to disk
2026-01-20 23:02:47,532 [DEBUG] [MainThread] [systray_widget/systray.py:508]: Saving state to C:\Users\pspra\AppData\Local\YASB\systray_state_KHP22F3CM0403HT8.json
2026-01-20 23:02:47,533 [DEBUG] [MainThread] [systray_widget/utils.py:96]: Destroying window 198776
2026-01-20 23:02:47,540 [DEBUG] [MainThread] [qasync._windows._EventPoller/_windows.py:220]: Stopping worker thread...
2026-01-20 23:02:47,545 [DEBUG] [Dummy-10] [qasync._windows._EventWorker/_windows.py:204]: Exiting thread
2026-01-20 23:02:47,549 [DEBUG] [MainThread] [qasync._windows._IocpProactor/_windows.py:78]: Closing
2026-01-20 23:02:47,647 [DEBUG] [MainThread] [systray_widget/utils.py:96]: Destroying window 198776
2026-01-20 23:02:48,584 [INFO] [MainThread] [root/log.py:69]: YASB v1.8.6
2026-01-20 23:02:48,585 [INFO] [Thread-1 (_run_server)] [cli_server/cli_server.py:212]: CLI server started v1.1.4
2026-01-20 23:02:48,586 [INFO] [MainThread] [cli_server/cli_server.py:104]: Log pipe server started
2026-01-20 23:02:50,986 [INFO] [MainThread] [root/service.py:48]: AudioOutputService starting...
2026-01-20 23:02:51,497 [INFO] [MainThread] [root/bar_manager.py:85]: Starting SystemEventListener...
2026-01-20 23:02:51,498 [INFO] [MainThread] [root/bar_manager.py:85]: Starting KomorebiEventListener...
2026-01-20 23:02:51,498 [INFO] [MainThread] [root/watcher.py:54]: Created file watcher for path C:\Users\pspra\.config\yasb
2026-01-20 23:02:51,537 [INFO] [Dummy-7] [root/event_listener.py:51]: Created named pipe yasb-0bc2aa83-f626-11f0-88a5-c035320973e6
2026-01-20 23:02:51,572 [INFO] [MainThread] [root/update_service.py:409]: Background update checker started
2026-01-20 23:02:51,573 [DEBUG] [MainThread] [qasync._windows._EventPoller/_windows.py:215]: Starting (proactor: <_IocpProactor overlapped#=0 result#=0>)...
2026-01-20 23:02:51,574 [DEBUG] [Dummy-10] [qasync._windows._EventWorker/_windows.py:195]: Thread started
2026-01-20 23:02:51,579 [DEBUG] [MainThread] [systray_widget/systray.py:526]: Loading state from C:\Users\pspra\AppData\Local\YASB\systray_state_AUOPTRONICSDISPLAY149573.json
2026-01-20 23:02:51,581 [DEBUG] [SystrayMonitor] [systray_widget/systray.py:57]: Systray thread is starting...
2026-01-20 23:02:51,587 [DEBUG] [MainThread] [systray_widget/systray.py:526]: Loading state from C:\Users\pspra\AppData\Local\YASB\systray_state_KHP22F3CM0403HT8.json
2026-01-20 23:02:51,640 [DEBUG] [MainThread] [systray_widget/systray.py:277]: Systray thread started
2026-01-20 23:02:51,842 [DEBUG] [SystrayMonitor] [systray_widget/systray_monitor.py:164]: Adding TaskbandHWND prop to hwnd 264346
2026-01-20 23:02:51,851 [DEBUG] [SystrayMonitor] [systray_widget/systray_monitor.py:242]: Finding real tray hwnd
2026-01-20 23:02:51,855 [DEBUG] [MainThread] [systray_widget/systray_monitor.py:157]: Sending TaskbarCreated message: 49364
2026-01-20 23:03:06,136 [INFO] [MainThread] [root/controller.py:15]: Reloading Application because of config change.
2026-01-20 23:03:06,242 [INFO] [MainThread] [cli_server/cli_server.py:112]: Log pipe server stopped
2026-01-20 23:03:06,242 [DEBUG] [MainThread] [cli_server/cli_server.py:206]: CLI server stopped
2026-01-20 23:03:06,247 [INFO] [MainThread] [root/bar_manager.py:76]: Successfully loaded updated config and re-initialised all bars.
2026-01-20 23:03:06,318 [INFO] [MainThread] [root/bar_manager.py:92]: Stopping SystemEventListener...
2026-01-20 23:03:06,319 [INFO] [MainThread] [root/bar_manager.py:92]: Stopping KomorebiEventListener...
2026-01-20 23:03:06,339 [DEBUG] [MainThread] [systray_widget/systray.py:504]: Saving state to disk
2026-01-20 23:03:06,339 [DEBUG] [MainThread] [systray_widget/systray.py:508]: Saving state to C:\Users\pspra\AppData\Local\YASB\systray_state_AUOPTRONICSDISPLAY149573.json
2026-01-20 23:03:06,341 [DEBUG] [MainThread] [systray_widget/utils.py:96]: Destroying window 264346
2026-01-20 23:03:06,342 [DEBUG] [MainThread] [systray_widget/systray.py:504]: Saving state to disk
2026-01-20 23:03:06,343 [DEBUG] [MainThread] [systray_widget/systray.py:508]: Saving state to C:\Users\pspra\AppData\Local\YASB\systray_state_KHP22F3CM0403HT8.json
2026-01-20 23:03:06,344 [DEBUG] [MainThread] [systray_widget/utils.py:96]: Destroying window 264346
2026-01-20 23:03:06,351 [DEBUG] [MainThread] [qasync._windows._EventPoller/_windows.py:220]: Stopping worker thread...
2026-01-20 23:03:06,369 [DEBUG] [Dummy-10] [qasync._windows._EventWorker/_windows.py:204]: Exiting thread
2026-01-20 23:03:06,390 [DEBUG] [MainThread] [qasync._windows._IocpProactor/_windows.py:78]: Closing
2026-01-20 23:03:06,437 [DEBUG] [MainThread] [systray_widget/utils.py:96]: Destroying window 264346
2026-01-20 23:03:07,333 [INFO] [MainThread] [root/log.py:69]: YASB v1.8.6
2026-01-20 23:03:07,335 [INFO] [Thread-1 (_run_server)] [cli_server/cli_server.py:212]: CLI server started v1.1.4
2026-01-20 23:03:07,336 [INFO] [MainThread] [cli_server/cli_server.py:104]: Log pipe server started
2026-01-20 23:03:07,629 [WARNING] [MainThread] [root/widget_builder.py:40]: No widget config could be found for widget 'komorebi_toggle
2026-01-20 23:03:09,544 [INFO] [MainThread] [root/service.py:48]: AudioOutputService starting...
2026-01-20 23:03:09,869 [WARNING] [MainThread] [root/widget_builder.py:37]: Ignoring construction of invalid widget 'komorebi_toggle'
2026-01-20 23:03:10,021 [INFO] [MainThread] [root/bar_manager.py:85]: Starting KomorebiEventListener...
2026-01-20 23:03:10,021 [INFO] [MainThread] [root/bar_manager.py:85]: Starting SystemEventListener...
2026-01-20 23:03:10,022 [ERROR] [MainThread] [root/widget_builder.py:86]: Failed to add undefined widget(s)  - The widget "komorebi_toggle" is undefined.
2026-01-20 23:03:10,088 [INFO] [Dummy-5] [root/event_listener.py:51]: Created named pipe yasb-16cd18c1-f626-11f0-8d8c-c035320973e6
2026-01-20 23:03:10,108 [INFO] [MainThread] [root/watcher.py:54]: Created file watcher for path C:\Users\pspra\.config\yasb
2026-01-20 23:03:10,159 [INFO] [MainThread] [root/update_service.py:409]: Background update checker started
2026-01-20 23:03:10,159 [DEBUG] [MainThread] [qasync._windows._EventPoller/_windows.py:215]: Starting (proactor: <_IocpProactor overlapped#=0 result#=0>)...
2026-01-20 23:03:10,161 [DEBUG] [Dummy-10] [qasync._windows._EventWorker/_windows.py:195]: Thread started
2026-01-20 23:03:10,165 [DEBUG] [MainThread] [systray_widget/systray.py:526]: Loading state from C:\Users\pspra\AppData\Local\YASB\systray_state_AUOPTRONICSDISPLAY149573.json
2026-01-20 23:03:10,168 [DEBUG] [SystrayMonitor] [systray_widget/systray.py:57]: Systray thread is starting...
2026-01-20 23:03:10,172 [DEBUG] [MainThread] [systray_widget/systray.py:526]: Loading state from C:\Users\pspra\AppData\Local\YASB\systray_state_KHP22F3CM0403HT8.json
2026-01-20 23:03:10,217 [DEBUG] [MainThread] [systray_widget/systray.py:277]: Systray thread started
2026-01-20 23:03:10,453 [DEBUG] [SystrayMonitor] [systray_widget/systray_monitor.py:164]: Adding TaskbandHWND prop to hwnd 460864
2026-01-20 23:03:10,456 [DEBUG] [SystrayMonitor] [systray_widget/systray_monitor.py:242]: Finding real tray hwnd
2026-01-20 23:03:10,461 [DEBUG] [MainThread] [systray_widget/systray_monitor.py:157]: Sending TaskbarCreated message: 49364
2026-01-20 23:03:20,332 [ERROR] [MainThread] [root/config.py:115]: The config file 'C:\Users\pspra\.config\yasb\config.yaml' contains validation errors. Please fix:
komorebi_toggle:
- unknown field

2026-01-20 23:03:32,522 [INFO] [MainThread] [root/controller.py:15]: Reloading Application because of config change.
2026-01-20 23:03:32,629 [INFO] [MainThread] [cli_server/cli_server.py:112]: Log pipe server stopped
2026-01-20 23:03:32,629 [DEBUG] [MainThread] [cli_server/cli_server.py:206]: CLI server stopped
2026-01-20 23:03:32,636 [INFO] [MainThread] [root/bar_manager.py:76]: Successfully loaded updated config and re-initialised all bars.
2026-01-20 23:03:32,690 [INFO] [MainThread] [root/bar_manager.py:92]: Stopping KomorebiEventListener...
2026-01-20 23:03:32,690 [INFO] [MainThread] [root/bar_manager.py:92]: Stopping SystemEventListener...
2026-01-20 23:03:32,705 [DEBUG] [MainThread] [systray_widget/systray.py:504]: Saving state to disk
2026-01-20 23:03:32,705 [DEBUG] [MainThread] [systray_widget/systray.py:508]: Saving state to C:\Users\pspra\AppData\Local\YASB\systray_state_AUOPTRONICSDISPLAY149573.json
2026-01-20 23:03:32,706 [DEBUG] [MainThread] [systray_widget/utils.py:96]: Destroying window 460864
2026-01-20 23:03:32,706 [DEBUG] [MainThread] [systray_widget/systray.py:504]: Saving state to disk
2026-01-20 23:03:32,706 [DEBUG] [MainThread] [systray_widget/systray.py:508]: Saving state to C:\Users\pspra\AppData\Local\YASB\systray_state_KHP22F3CM0403HT8.json
2026-01-20 23:03:32,707 [DEBUG] [MainThread] [systray_widget/utils.py:96]: Destroying window 460864
2026-01-20 23:03:32,712 [DEBUG] [MainThread] [qasync._windows._EventPoller/_windows.py:220]: Stopping worker thread...
2026-01-20 23:03:32,728 [DEBUG] [Dummy-10] [qasync._windows._EventWorker/_windows.py:204]: Exiting thread
2026-01-20 23:03:32,735 [DEBUG] [MainThread] [qasync._windows._IocpProactor/_windows.py:78]: Closing
2026-01-20 23:03:32,809 [DEBUG] [MainThread] [systray_widget/utils.py:96]: Destroying window 460864
2026-01-20 23:03:33,778 [INFO] [MainThread] [root/log.py:69]: YASB v1.8.6
2026-01-20 23:03:33,780 [INFO] [Thread-1 (_run_server)] [cli_server/cli_server.py:212]: CLI server started v1.1.4
2026-01-20 23:03:33,781 [INFO] [MainThread] [cli_server/cli_server.py:104]: Log pipe server started
2026-01-20 23:03:34,106 [WARNING] [MainThread] [root/widget_builder.py:40]: No widget config could be found for widget 'komorebi_toggle
2026-01-20 23:03:36,142 [INFO] [MainThread] [root/service.py:48]: AudioOutputService starting...
2026-01-20 23:03:36,479 [WARNING] [MainThread] [root/widget_builder.py:37]: Ignoring construction of invalid widget 'komorebi_toggle'
2026-01-20 23:03:36,645 [INFO] [MainThread] [root/bar_manager.py:85]: Starting SystemEventListener...
2026-01-20 23:03:36,646 [INFO] [MainThread] [root/bar_manager.py:85]: Starting KomorebiEventListener...
2026-01-20 23:03:36,646 [ERROR] [MainThread] [root/widget_builder.py:86]: Failed to add undefined widget(s)  - The widget "komorebi_toggle" is undefined.
2026-01-20 23:03:36,697 [INFO] [Dummy-5] [root/event_listener.py:51]: Created named pipe yasb-26abb1b3-f626-11f0-b032-c035320973e6
2026-01-20 23:03:36,717 [INFO] [MainThread] [root/watcher.py:54]: Created file watcher for path C:\Users\pspra\.config\yasb
2026-01-20 23:03:36,779 [INFO] [MainThread] [root/update_service.py:409]: Background update checker started
2026-01-20 23:03:36,779 [DEBUG] [MainThread] [qasync._windows._EventPoller/_windows.py:215]: Starting (proactor: <_IocpProactor overlapped#=0 result#=0>)...
2026-01-20 23:03:36,780 [DEBUG] [Dummy-10] [qasync._windows._EventWorker/_windows.py:195]: Thread started
2026-01-20 23:03:36,782 [DEBUG] [MainThread] [systray_widget/systray.py:526]: Loading state from C:\Users\pspra\AppData\Local\YASB\systray_state_AUOPTRONICSDISPLAY149573.json
2026-01-20 23:03:36,783 [DEBUG] [SystrayMonitor] [systray_widget/systray.py:57]: Systray thread is starting...
2026-01-20 23:03:36,786 [DEBUG] [MainThread] [systray_widget/systray.py:526]: Loading state from C:\Users\pspra\AppData\Local\YASB\systray_state_KHP22F3CM0403HT8.json
2026-01-20 23:03:36,820 [DEBUG] [MainThread] [systray_widget/systray.py:277]: Systray thread started
2026-01-20 23:03:37,055 [DEBUG] [SystrayMonitor] [systray_widget/systray_monitor.py:164]: Adding TaskbandHWND prop to hwnd 526382
2026-01-20 23:03:37,057 [DEBUG] [SystrayMonitor] [systray_widget/systray_monitor.py:242]: Finding real tray hwnd
2026-01-20 23:03:37,063 [DEBUG] [MainThread] [systray_widget/systray_monitor.py:157]: Sending TaskbarCreated message: 49364
2026-01-20 23:04:13,722 [DEBUG] [SystrayMonitor] [systray_widget/utils.py:124]: Could not open process ID 4708. Err: 5
2026-01-20 23:04:14,245 [DEBUG] [SystrayMonitor] [systray_widget/utils.py:124]: Could not open process ID 4708. Err: 5
2026-01-20 23:04:14,767 [DEBUG] [SystrayMonitor] [systray_widget/utils.py:124]: Could not open process ID 4708. Err: 5
2026-01-20 23:04:15,288 [DEBUG] [SystrayMonitor] [systray_widget/utils.py:124]: Could not open process ID 4708. Err: 5
2026-01-20 23:04:48,031 [INFO] [MainThread] [root/controller.py:15]: Reloading Application because of config change.
2026-01-20 23:04:48,137 [INFO] [MainThread] [cli_server/cli_server.py:112]: Log pipe server stopped
2026-01-20 23:04:48,137 [DEBUG] [MainThread] [cli_server/cli_server.py:206]: CLI server stopped
2026-01-20 23:04:48,142 [INFO] [MainThread] [root/bar_manager.py:76]: Successfully loaded updated config and re-initialised all bars.
2026-01-20 23:04:48,239 [INFO] [MainThread] [root/bar_manager.py:92]: Stopping SystemEventListener...
2026-01-20 23:04:48,239 [INFO] [MainThread] [root/bar_manager.py:92]: Stopping KomorebiEventListener...
2026-01-20 23:04:48,264 [DEBUG] [MainThread] [systray_widget/systray.py:504]: Saving state to disk
2026-01-20 23:04:48,265 [DEBUG] [MainThread] [systray_widget/systray.py:508]: Saving state to C:\Users\pspra\AppData\Local\YASB\systray_state_AUOPTRONICSDISPLAY149573.json
2026-01-20 23:04:48,266 [DEBUG] [MainThread] [systray_widget/utils.py:96]: Destroying window 526382
2026-01-20 23:04:48,270 [DEBUG] [MainThread] [systray_widget/systray.py:504]: Saving state to disk
2026-01-20 23:04:48,271 [DEBUG] [MainThread] [systray_widget/systray.py:508]: Saving state to C:\Users\pspra\AppData\Local\YASB\systray_state_KHP22F3CM0403HT8.json
2026-01-20 23:04:48,272 [DEBUG] [MainThread] [systray_widget/utils.py:96]: Destroying window 526382
2026-01-20 23:04:48,297 [DEBUG] [MainThread] [qasync._windows._EventPoller/_windows.py:220]: Stopping worker thread...
2026-01-20 23:04:48,307 [DEBUG] [Dummy-10] [qasync._windows._EventWorker/_windows.py:204]: Exiting thread
2026-01-20 23:04:48,313 [DEBUG] [MainThread] [qasync._windows._IocpProactor/_windows.py:78]: Closing
2026-01-20 23:04:48,358 [DEBUG] [MainThread] [systray_widget/utils.py:96]: Destroying window 526382
2026-01-20 23:04:49,048 [INFO] [MainThread] [root/log.py:69]: YASB v1.8.6
2026-01-20 23:04:49,049 [INFO] [Thread-1 (_run_server)] [cli_server/cli_server.py:212]: CLI server started v1.1.4
2026-01-20 23:04:49,050 [INFO] [MainThread] [cli_server/cli_server.py:104]: Log pipe server started
2026-01-20 23:04:49,385 [WARNING] [MainThread] [root/widget_builder.py:40]: No widget config could be found for widget 'komorebi_toggle
2026-01-20 23:04:51,394 [INFO] [MainThread] [root/service.py:48]: AudioOutputService starting...
2026-01-20 23:04:51,708 [WARNING] [MainThread] [root/widget_builder.py:37]: Ignoring construction of invalid widget 'komorebi_toggle'
2026-01-20 23:04:51,852 [INFO] [MainThread] [root/bar_manager.py:85]: Starting KomorebiEventListener...
2026-01-20 23:04:51,854 [INFO] [MainThread] [root/bar_manager.py:85]: Starting SystemEventListener...
2026-01-20 23:04:51,854 [ERROR] [MainThread] [root/widget_builder.py:86]: Failed to add undefined widget(s)  - The widget "komorebi_toggle" is undefined.
2026-01-20 23:04:51,913 [INFO] [Dummy-5] [root/event_listener.py:51]: Created named pipe yasb-537f75a3-f626-11f0-848c-c035320973e6
2026-01-20 23:04:51,932 [INFO] [MainThread] [root/watcher.py:54]: Created file watcher for path C:\Users\pspra\.config\yasb
2026-01-20 23:04:51,997 [INFO] [MainThread] [root/update_service.py:409]: Background update checker started
2026-01-20 23:04:51,998 [DEBUG] [MainThread] [qasync._windows._EventPoller/_windows.py:215]: Starting (proactor: <_IocpProactor overlapped#=0 result#=0>)...
2026-01-20 23:04:52,000 [DEBUG] [Dummy-10] [qasync._windows._EventWorker/_windows.py:195]: Thread started
2026-01-20 23:04:52,003 [DEBUG] [MainThread] [systray_widget/systray.py:526]: Loading state from C:\Users\pspra\AppData\Local\YASB\systray_state_AUOPTRONICSDISPLAY149573.json
2026-01-20 23:04:52,006 [DEBUG] [SystrayMonitor] [systray_widget/systray.py:57]: Systray thread is starting...
2026-01-20 23:04:52,011 [DEBUG] [MainThread] [systray_widget/systray.py:526]: Loading state from C:\Users\pspra\AppData\Local\YASB\systray_state_KHP22F3CM0403HT8.json
2026-01-20 23:04:52,054 [DEBUG] [MainThread] [systray_widget/systray.py:277]: Systray thread started
2026-01-20 23:04:52,274 [DEBUG] [SystrayMonitor] [systray_widget/systray_monitor.py:164]: Adding TaskbandHWND prop to hwnd 656124
2026-01-20 23:04:52,277 [DEBUG] [SystrayMonitor] [systray_widget/systray_monitor.py:242]: Finding real tray hwnd
2026-01-20 23:04:52,282 [DEBUG] [MainThread] [systray_widget/systray_monitor.py:157]: Sending TaskbarCreated message: 49364
2026-01-20 23:05:35,689 [DEBUG] [SystrayMonitor] [systray_widget/utils.py:124]: Could not open process ID 4708. Err: 5
2026-01-20 23:05:36,207 [DEBUG] [SystrayMonitor] [systray_widget/utils.py:124]: Could not open process ID 4708. Err: 5
2026-01-20 23:05:36,732 [DEBUG] [SystrayMonitor] [systray_widget/utils.py:124]: Could not open process ID 4708. Err: 5
2026-01-20 23:05:37,243 [DEBUG] [SystrayMonitor] [systray_widget/utils.py:124]: Could not open process ID 4708. Err: 5
2026-01-20 23:05:40,183 [DEBUG] [SystrayMonitor] [systray_widget/utils.py:124]: Could not open process ID 4708. Err: 5
2026-01-20 23:05:40,706 [DEBUG] [SystrayMonitor] [systray_widget/utils.py:124]: Could not open process ID 4708. Err: 5
2026-01-20 23:05:41,218 [DEBUG] [SystrayMonitor] [systray_widget/utils.py:124]: Could not open process ID 4708. Err: 5
2026-01-20 23:05:41,749 [DEBUG] [SystrayMonitor] [systray_widget/utils.py:124]: Could not open process ID 4708. Err: 5
2026-01-20 23:05:42,271 [DEBUG] [SystrayMonitor] [systray_widget/utils.py:124]: Could not open process ID 4708. Err: 5
2026-01-20 23:05:42,788 [DEBUG] [SystrayMonitor] [systray_widget/utils.py:124]: Could not open process ID 4708. Err: 5
2026-01-20 23:05:43,306 [DEBUG] [SystrayMonitor] [systray_widget/utils.py:124]: Could not open process ID 4708. Err: 5
2026-01-20 23:05:43,822 [DEBUG] [SystrayMonitor] [systray_widget/utils.py:124]: Could not open process ID 4708. Err: 5
2026-01-20 23:05:44,337 [DEBUG] [SystrayMonitor] [systray_widget/utils.py:124]: Could not open process ID 4708. Err: 5
2026-01-20 23:05:44,863 [DEBUG] [SystrayMonitor] [systray_widget/utils.py:124]: Could not open process ID 4708. Err: 5
2026-01-20 23:05:45,396 [DEBUG] [SystrayMonitor] [systray_widget/utils.py:124]: Could not open process ID 4708. Err: 5
2026-01-20 23:05:45,914 [DEBUG] [SystrayMonitor] [systray_widget/utils.py:124]: Could not open process ID 4708. Err: 5
2026-01-20 23:05:46,428 [DEBUG] [SystrayMonitor] [systray_widget/utils.py:124]: Could not open process ID 4708. Err: 5
2026-01-20 23:05:46,939 [DEBUG] [SystrayMonitor] [systray_widget/utils.py:124]: Could not open process ID 4708. Err: 5
2026-01-20 23:05:47,463 [DEBUG] [SystrayMonitor] [systray_widget/utils.py:124]: Could not open process ID 4708. Err: 5
2026-01-20 23:05:47,988 [DEBUG] [SystrayMonitor] [systray_widget/utils.py:124]: Could not open process ID 4708. Err: 5
2026-01-20 23:05:48,517 [DEBUG] [SystrayMonitor] [systray_widget/utils.py:124]: Could not open process ID 4708. Err: 5
2026-01-20 23:05:49,045 [DEBUG] [SystrayMonitor] [systray_widget/utils.py:124]: Could not open process ID 4708. Err: 5
2026-01-20 23:05:49,567 [DEBUG] [SystrayMonitor] [systray_widget/utils.py:124]: Could not open process ID 4708. Err: 5
2026-01-20 23:05:50,100 [DEBUG] [SystrayMonitor] [systray_widget/utils.py:124]: Could not open process ID 4708. Err: 5
2026-01-20 23:05:50,626 [DEBUG] [SystrayMonitor] [systray_widget/utils.py:124]: Could not open process ID 4708. Err: 5
2026-01-20 23:05:51,144 [DEBUG] [SystrayMonitor] [systray_widget/utils.py:124]: Could not open process ID 4708. Err: 5
2026-01-20 23:05:51,658 [DEBUG] [SystrayMonitor] [systray_widget/utils.py:124]: Could not open process ID 4708. Err: 5
2026-01-20 23:05:52,182 [DEBUG] [SystrayMonitor] [systray_widget/utils.py:124]: Could not open process ID 4708. Err: 5
2026-01-20 23:05:52,704 [DEBUG] [SystrayMonitor] [systray_widget/utils.py:124]: Could not open process ID 4708. Err: 5
2026-01-20 23:05:53,236 [DEBUG] [SystrayMonitor] [systray_widget/utils.py:124]: Could not open process ID 4708. Err: 5
2026-01-20 23:05:53,754 [DEBUG] [SystrayMonitor] [systray_widget/utils.py:124]: Could not open process ID 4708. Err: 5
2026-01-20 23:05:54,266 [DEBUG] [SystrayMonitor] [systray_widget/utils.py:124]: Could not open process ID 4708. Err: 5
2026-01-20 23:05:58,831 [INFO] [MainThread] [root/controller.py:15]: Reloading Application because of config change.
2026-01-20 23:05:58,936 [INFO] [MainThread] [cli_server/cli_server.py:112]: Log pipe server stopped
2026-01-20 23:05:58,936 [DEBUG] [MainThread] [cli_server/cli_server.py:206]: CLI server stopped
2026-01-20 23:05:58,940 [INFO] [MainThread] [root/bar_manager.py:76]: Successfully loaded updated config and re-initialised all bars.
2026-01-20 23:05:59,017 [INFO] [MainThread] [root/bar_manager.py:92]: Stopping KomorebiEventListener...
2026-01-20 23:05:59,017 [INFO] [MainThread] [root/bar_manager.py:92]: Stopping SystemEventListener...
2026-01-20 23:05:59,032 [DEBUG] [MainThread] [systray_widget/systray.py:504]: Saving state to disk
2026-01-20 23:05:59,033 [DEBUG] [MainThread] [systray_widget/systray.py:508]: Saving state to C:\Users\pspra\AppData\Local\YASB\systray_state_AUOPTRONICSDISPLAY149573.json
2026-01-20 23:05:59,034 [DEBUG] [MainThread] [systray_widget/utils.py:96]: Destroying window 656124
2026-01-20 23:05:59,034 [DEBUG] [MainThread] [systray_widget/systray.py:504]: Saving state to disk
2026-01-20 23:05:59,035 [DEBUG] [MainThread] [systray_widget/systray.py:508]: Saving state to C:\Users\pspra\AppData\Local\YASB\systray_state_KHP22F3CM0403HT8.json
2026-01-20 23:05:59,036 [DEBUG] [MainThread] [systray_widget/utils.py:96]: Destroying window 656124
2026-01-20 23:05:59,053 [DEBUG] [MainThread] [qasync._windows._EventPoller/_windows.py:220]: Stopping worker thread...
2026-01-20 23:05:59,064 [DEBUG] [Dummy-10] [qasync._windows._EventWorker/_windows.py:204]: Exiting thread
2026-01-20 23:05:59,076 [DEBUG] [MainThread] [qasync._windows._IocpProactor/_windows.py:78]: Closing
2026-01-20 23:05:59,147 [DEBUG] [MainThread] [systray_widget/utils.py:96]: Destroying window 656124
2026-01-20 23:05:59,901 [INFO] [MainThread] [root/log.py:69]: YASB v1.8.6
2026-01-20 23:05:59,903 [INFO] [Thread-1 (_run_server)] [cli_server/cli_server.py:212]: CLI server started v1.1.4
2026-01-20 23:05:59,903 [INFO] [MainThread] [cli_server/cli_server.py:104]: Log pipe server started
2026-01-20 23:06:02,352 [INFO] [MainThread] [root/service.py:48]: AudioOutputService starting...
2026-01-20 23:06:02,868 [INFO] [MainThread] [root/bar_manager.py:85]: Starting SystemEventListener...
2026-01-20 23:06:02,869 [INFO] [MainThread] [root/bar_manager.py:85]: Starting KomorebiEventListener...
2026-01-20 23:06:02,869 [INFO] [MainThread] [root/watcher.py:54]: Created file watcher for path C:\Users\pspra\.config\yasb
2026-01-20 23:06:02,945 [INFO] [Dummy-7] [root/event_listener.py:51]: Created named pipe yasb-7dd38cfe-f626-11f0-9180-c035320973e6
2026-01-20 23:06:02,974 [INFO] [MainThread] [root/update_service.py:409]: Background update checker started
2026-01-20 23:06:02,974 [DEBUG] [MainThread] [qasync._windows._EventPoller/_windows.py:215]: Starting (proactor: <_IocpProactor overlapped#=0 result#=0>)...
2026-01-20 23:06:02,976 [DEBUG] [Dummy-10] [qasync._windows._EventWorker/_windows.py:195]: Thread started
2026-01-20 23:06:02,986 [DEBUG] [MainThread] [systray_widget/systray.py:526]: Loading state from C:\Users\pspra\AppData\Local\YASB\systray_state_AUOPTRONICSDISPLAY149573.json
2026-01-20 23:06:02,988 [DEBUG] [SystrayMonitor] [systray_widget/systray.py:57]: Systray thread is starting...
2026-01-20 23:06:02,995 [DEBUG] [MainThread] [systray_widget/systray.py:526]: Loading state from C:\Users\pspra\AppData\Local\YASB\systray_state_KHP22F3CM0403HT8.json
2026-01-20 23:06:03,071 [DEBUG] [MainThread] [systray_widget/systray.py:277]: Systray thread started
2026-01-20 23:06:03,275 [DEBUG] [SystrayMonitor] [systray_widget/systray_monitor.py:164]: Adding TaskbandHWND prop to hwnd 460874
2026-01-20 23:06:03,281 [DEBUG] [SystrayMonitor] [systray_widget/systray_monitor.py:242]: Finding real tray hwnd
2026-01-20 23:06:03,285 [DEBUG] [MainThread] [systray_widget/systray_monitor.py:157]: Sending TaskbarCreated message: 49364
2026-01-20 23:06:08,169 [INFO] [Dummy-7] [root/event_listener.py:125]: Komorebi connected to named pipe: yasb-7dd38cfe-f626-11f0-9180-c035320973e6
2026-01-20 23:06:08,560 [DEBUG] [SystrayMonitor] [systray_widget/utils.py:124]: Could not open process ID 4708. Err: 5
2026-01-20 23:06:09,091 [DEBUG] [SystrayMonitor] [systray_widget/utils.py:124]: Could not open process ID 4708. Err: 5
2026-01-20 23:07:24,751 [WARNING] [Dummy-7] [root/event_listener.py:82]: Pipe has been ended: (109, 'PeekNamedPipe', 'The pipe has been ended.')
2026-01-20 23:07:24,751 [INFO] [Dummy-7] [root/event_listener.py:92]: Attempting to reconnect to Komorebi...
2026-01-20 23:07:25,228 [DEBUG] [SystrayMonitor] [systray_widget/utils.py:124]: Could not open process ID 4708. Err: 5
2026-01-20 23:07:25,757 [DEBUG] [SystrayMonitor] [systray_widget/utils.py:124]: Could not open process ID 4708. Err: 5
2026-01-20 23:07:27,759 [INFO] [Dummy-7] [root/event_listener.py:51]: Created named pipe yasb-7dd38cfe-f626-11f0-9180-c035320973e6
2026-01-20 23:07:42,317 [INFO] [MainThread] [root/controller.py:15]: Reloading Application because of config change.
2026-01-20 23:07:42,423 [INFO] [MainThread] [cli_server/cli_server.py:112]: Log pipe server stopped
2026-01-20 23:07:42,423 [DEBUG] [MainThread] [cli_server/cli_server.py:206]: CLI server stopped
2026-01-20 23:07:42,433 [INFO] [MainThread] [root/bar_manager.py:76]: Successfully loaded updated config and re-initialised all bars.
2026-01-20 23:07:42,565 [INFO] [MainThread] [root/bar_manager.py:92]: Stopping SystemEventListener...
2026-01-20 23:07:42,565 [INFO] [MainThread] [root/bar_manager.py:92]: Stopping KomorebiEventListener...
2026-01-20 23:07:42,588 [DEBUG] [MainThread] [systray_widget/systray.py:504]: Saving state to disk
2026-01-20 23:07:42,589 [DEBUG] [MainThread] [systray_widget/systray.py:508]: Saving state to C:\Users\pspra\AppData\Local\YASB\systray_state_AUOPTRONICSDISPLAY149573.json
2026-01-20 23:07:42,590 [DEBUG] [MainThread] [systray_widget/utils.py:96]: Destroying window 460874
2026-01-20 23:07:42,591 [DEBUG] [MainThread] [systray_widget/systray.py:504]: Saving state to disk
2026-01-20 23:07:42,591 [DEBUG] [MainThread] [systray_widget/systray.py:508]: Saving state to C:\Users\pspra\AppData\Local\YASB\systray_state_KHP22F3CM0403HT8.json
2026-01-20 23:07:42,593 [DEBUG] [MainThread] [systray_widget/utils.py:96]: Destroying window 460874
2026-01-20 23:07:42,605 [DEBUG] [MainThread] [qasync._windows._EventPoller/_windows.py:220]: Stopping worker thread...
2026-01-20 23:07:42,612 [DEBUG] [Dummy-10] [qasync._windows._EventWorker/_windows.py:204]: Exiting thread
2026-01-20 23:07:42,616 [DEBUG] [MainThread] [qasync._windows._IocpProactor/_windows.py:78]: Closing
2026-01-20 23:07:42,631 [DEBUG] [MainThread] [systray_widget/utils.py:96]: Destroying window 460874
2026-01-20 23:07:43,474 [INFO] [MainThread] [root/log.py:69]: YASB v1.8.6
2026-01-20 23:07:43,476 [INFO] [Thread-1 (_run_server)] [cli_server/cli_server.py:212]: CLI server started v1.1.4
2026-01-20 23:07:43,477 [INFO] [MainThread] [cli_server/cli_server.py:104]: Log pipe server started
2026-01-20 23:07:45,968 [INFO] [MainThread] [root/service.py:48]: AudioOutputService starting...
2026-01-20 23:07:46,442 [INFO] [MainThread] [root/bar_manager.py:85]: Starting SystemEventListener...
2026-01-20 23:07:46,442 [INFO] [MainThread] [root/bar_manager.py:85]: Starting KomorebiEventListener...
2026-01-20 23:07:46,443 [INFO] [MainThread] [root/watcher.py:54]: Created file watcher for path C:\Users\pspra\.config\yasb
2026-01-20 23:07:46,504 [INFO] [Dummy-7] [root/event_listener.py:51]: Created named pipe yasb-bb8fad9d-f626-11f0-ab7c-c035320973e6
2026-01-20 23:07:46,581 [INFO] [MainThread] [root/update_service.py:409]: Background update checker started
2026-01-20 23:07:46,581 [DEBUG] [MainThread] [qasync._windows._EventPoller/_windows.py:215]: Starting (proactor: <_IocpProactor overlapped#=0 result#=0>)...
2026-01-20 23:07:46,582 [DEBUG] [Dummy-10] [qasync._windows._EventWorker/_windows.py:195]: Thread started
2026-01-20 23:07:46,585 [DEBUG] [MainThread] [systray_widget/systray.py:526]: Loading state from C:\Users\pspra\AppData\Local\YASB\systray_state_AUOPTRONICSDISPLAY149573.json
2026-01-20 23:07:46,586 [DEBUG] [SystrayMonitor] [systray_widget/systray.py:57]: Systray thread is starting...
2026-01-20 23:07:46,590 [DEBUG] [MainThread] [systray_widget/systray.py:526]: Loading state from C:\Users\pspra\AppData\Local\YASB\systray_state_KHP22F3CM0403HT8.json
2026-01-20 23:07:46,626 [DEBUG] [MainThread] [systray_widget/systray.py:277]: Systray thread started
2026-01-20 23:07:46,830 [DEBUG] [SystrayMonitor] [systray_widget/systray_monitor.py:164]: Adding TaskbandHWND prop to hwnd 657456
2026-01-20 23:07:46,834 [DEBUG] [SystrayMonitor] [systray_widget/systray_monitor.py:242]: Finding real tray hwnd
2026-01-20 23:07:46,838 [DEBUG] [MainThread] [systray_widget/systray_monitor.py:157]: Sending TaskbarCreated message: 49364
2026-01-20 23:10:11,435 [DEBUG] [SystrayMonitor] [systray_widget/utils.py:124]: Could not open process ID 4708. Err: 5
2026-01-20 23:10:11,965 [DEBUG] [SystrayMonitor] [systray_widget/utils.py:124]: Could not open process ID 4708. Err: 5
2026-01-20 23:10:13,410 [INFO] [Dummy-7] [root/event_listener.py:125]: Komorebi connected to named pipe: yasb-bb8fad9d-f626-11f0-ab7c-c035320973e6
